"GEO_ID","NAME","B25061_001E","B25061_001M","B25061_002E","B25061_002M","B25061_003E","B25061_003M","B25061_004E","B25061_004M","B25061_005E","B25061_005M","B25061_006E","B25061_006M","B25061_007E","B25061_007M","B25061_008E","B25061_008M","B25061_009E","B25061_009M","B25061_010E","B25061_010M","B25061_011E","B25061_011M","B25061_012E","B25061_012M","B25061_013E","B25061_013M","B25061_014E","B25061_014M","B25061_015E","B25061_015M","B25061_016E","B25061_016M","B25061_017E","B25061_017M","B25061_018E","B25061_018M","B25061_019E","B25061_019M","B25061_020E","B25061_020M","B25061_021E","B25061_021M","B25061_022E","B25061_022M","B25061_023E","B25061_023M","B25061_024E","B25061_024M","B25061_025E","B25061_025M"
"id","Geographic Area Name","Estimate!!Total","Margin of Error!!Total","Estimate!!Total!!Less than $100","Margin of Error!!Total!!Less than $100","Estimate!!Total!!$100 to $149","Margin of Error!!Total!!$100 to $149","Estimate!!Total!!$150 to $199","Margin of Error!!Total!!$150 to $199","Estimate!!Total!!$200 to $249","Margin of Error!!Total!!$200 to $249","Estimate!!Total!!$250 to $299","Margin of Error!!Total!!$250 to $299","Estimate!!Total!!$300 to $349","Margin of Error!!Total!!$300 to $349","Estimate!!Total!!$350 to $399","Margin of Error!!Total!!$350 to $399","Estimate!!Total!!$400 to $449","Margin of Error!!Total!!$400 to $449","Estimate!!Total!!$450 to $499","Margin of Error!!Total!!$450 to $499","Estimate!!Total!!$500 to $549","Margin of Error!!Total!!$500 to $549","Estimate!!Total!!$550 to $599","Margin of Error!!Total!!$550 to $599","Estimate!!Total!!$600 to $649","Margin of Error!!Total!!$600 to $649","Estimate!!Total!!$650 to $699","Margin of Error!!Total!!$650 to $699","Estimate!!Total!!$700 to $749","Margin of Error!!Total!!$700 to $749","Estimate!!Total!!$750 to $799","Margin of Error!!Total!!$750 to $799","Estimate!!Total!!$800 to $899","Margin of Error!!Total!!$800 to $899","Estimate!!Total!!$900 to $999","Margin of Error!!Total!!$900 to $999","Estimate!!Total!!$1,000 to $1,249","Margin of Error!!Total!!$1,000 to $1,249","Estimate!!Total!!$1,250 to $1,499","Margin of Error!!Total!!$1,250 to $1,499","Estimate!!Total!!$1,500 to $1,999","Margin of Error!!Total!!$1,500 to $1,999","Estimate!!Total!!$2,000 to $2,499","Margin of Error!!Total!!$2,000 to $2,499","Estimate!!Total!!$2,500 to $2,999","Margin of Error!!Total!!$2,500 to $2,999","Estimate!!Total!!$3,000 to $3,499","Margin of Error!!Total!!$3,000 to $3,499","Estimate!!Total!!$3,500 or more","Margin of Error!!Total!!$3,500 or more"
"0500000US36001","Albany County, New York","null","null","null","null","null","null","null","null","null","null","null","null","null","null","null","null","null","null","null","null","null","null","null","null","null","null","null","null","null","null","null","null","null","null","null","null","null","null","null","null","null","null","null","null","null","null","null","null","null","null"
"0500000US36005","Bronx County, New York","null","null","null","null","null","null","null","null","null","null","null","null","null","null","null","null","null","null","null","null","null","null","null","null","null","null","null","null","null","null","null","null","null","null","null","null","null","null","null","null","null","null","null","null","null","null","null","null","null","null"
"0500000US36007","Broome County, New York","null","null","null","null","null","null","null","null","null","null","null","null","null","null","null","null","null","null","null","null","null","null","null","null","null","null","null","null","null","null","null","null","null","null","null","null","null","null","null","null","null","null","null","null","null","null","null","null","null","null"
"0500000US36009","Cattaraugus County, New York","null","null","null","null","null","null","null","null","null","null","null","null","null","null","null","null","null","null","null","null","null","null","null","null","null","null","null","null","null","null","null","null","null","null","null","null","null","null","null","null","null","null","null","null","null","null","null","null","null","null"
"0500000US36011","Cayuga County, New York","null","null","null","null","null","null","null","null","null","null","null","null","null","null","null","null","null","null","null","null","null","null","null","null","null","null","null","null","null","null","null","null","null","null","null","null","null","null","null","null","null","null","null","null","null","null","null","null","null","null"
"0500000US36013","Chautauqua County, New York","null","null","null","null","null","null","null","null","null","null","null","null","null","null","null","null","null","null","null","null","null","null","null","null","null","null","null","null","null","null","null","null","null","null","null","null","null","null","null","null","null","null","null","null","null","null","null","null","null","null"
"0500000US36015","Chemung County, New York","null","null","null","null","null","null","null","null","null","null","null","null","null","null","null","null","null","null","null","null","null","null","null","null","null","null","null","null","null","null","null","null","null","null","null","null","null","null","null","null","null","null","null","null","null","null","null","null","null","null"
"0500000US36019","Clinton County, New York","null","null","null","null","null","null","null","null","null","null","null","null","null","null","null","null","null","null","null","null","null","null","null","null","null","null","null","null","null","null","null","null","null","null","null","null","null","null","null","null","null","null","null","null","null","null","null","null","null","null"
"0500000US36027","Dutchess County, New York","null","null","null","null","null","null","null","null","null","null","null","null","null","null","null","null","null","null","null","null","null","null","null","null","null","null","null","null","null","null","null","null","null","null","null","null","null","null","null","null","null","null","null","null","null","null","null","null","null","null"
"0500000US36029","Erie County, New York","null","null","null","null","null","null","null","null","null","null","null","null","null","null","null","null","null","null","null","null","null","null","null","null","null","null","null","null","null","null","null","null","null","null","null","null","null","null","null","null","null","null","null","null","null","null","null","null","null","null"
"0500000US36045","Jefferson County, New York","null","null","null","null","null","null","null","null","null","null","null","null","null","null","null","null","null","null","null","null","null","null","null","null","null","null","null","null","null","null","null","null","null","null","null","null","null","null","null","null","null","null","null","null","null","null","null","null","null","null"
"0500000US36047","Kings County, New York","29560","3375","86","141","441","608","287","274","851","539","85","140","583","394","27","43","363","299","144","236","793","431","109","178","1215","650","248","238","317","271","107","127","1010","535","1124","487","5666","1270","3766","1124","6480","1274","2853","923","1665","689","926","461","414","330"
"0500000US36051","Livingston County, New York","null","null","null","null","null","null","null","null","null","null","null","null","null","null","null","null","null","null","null","null","null","null","null","null","null","null","null","null","null","null","null","null","null","null","null","null","null","null","null","null","null","null","null","null","null","null","null","null","null","null"
"0500000US36053","Madison County, New York","null","null","null","null","null","null","null","null","null","null","null","null","null","null","null","null","null","null","null","null","null","null","null","null","null","null","null","null","null","null","null","null","null","null","null","null","null","null","null","null","null","null","null","null","null","null","null","null","null","null"
"0500000US36055","Monroe County, New York","null","null","null","null","null","null","null","null","null","null","null","null","null","null","null","null","null","null","null","null","null","null","null","null","null","null","null","null","null","null","null","null","null","null","null","null","null","null","null","null","null","null","null","null","null","null","null","null","null","null"
"0500000US36059","Nassau County, New York","null","null","null","null","null","null","null","null","null","null","null","null","null","null","null","null","null","null","null","null","null","null","null","null","null","null","null","null","null","null","null","null","null","null","null","null","null","null","null","null","null","null","null","null","null","null","null","null","null","null"
"0500000US36061","New York County, New York","36032","5142","640","656","0","200","265","251","172","281","625","567","101","167","335","548","139","230","171","284","137","146","285","334","25","41","608","507","366","598","284","310","1289","887","1711","1029","2830","1381","1089","685","3768","1721","4207","1696","7516","2349","2712","1357","6757","2676"
"0500000US36063","Niagara County, New York","null","null","null","null","null","null","null","null","null","null","null","null","null","null","null","null","null","null","null","null","null","null","null","null","null","null","null","null","null","null","null","null","null","null","null","null","null","null","null","null","null","null","null","null","null","null","null","null","null","null"
"0500000US36065","Oneida County, New York","null","null","null","null","null","null","null","null","null","null","null","null","null","null","null","null","null","null","null","null","null","null","null","null","null","null","null","null","null","null","null","null","null","null","null","null","null","null","null","null","null","null","null","null","null","null","null","null","null","null"
"0500000US36067","Onondaga County, New York","8946","1588","77","126","0","200","0","200","50","83","69","114","185","210","426","348","236","198","719","410","319","264","324","240","491","378","784","382","609","367","715","571","1449","809","631","384","336","314","205","185","880","528","106","126","206","337","64","104","65","106"
"0500000US36069","Ontario County, New York","null","null","null","null","null","null","null","null","null","null","null","null","null","null","null","null","null","null","null","null","null","null","null","null","null","null","null","null","null","null","null","null","null","null","null","null","null","null","null","null","null","null","null","null","null","null","null","null","null","null"
"0500000US36071","Orange County, New York","null","null","null","null","null","null","null","null","null","null","null","null","null","null","null","null","null","null","null","null","null","null","null","null","null","null","null","null","null","null","null","null","null","null","null","null","null","null","null","null","null","null","null","null","null","null","null","null","null","null"
"0500000US36075","Oswego County, New York","null","null","null","null","null","null","null","null","null","null","null","null","null","null","null","null","null","null","null","null","null","null","null","null","null","null","null","null","null","null","null","null","null","null","null","null","null","null","null","null","null","null","null","null","null","null","null","null","null","null"
"0500000US36079","Putnam County, New York","null","null","null","null","null","null","null","null","null","null","null","null","null","null","null","null","null","null","null","null","null","null","null","null","null","null","null","null","null","null","null","null","null","null","null","null","null","null","null","null","null","null","null","null","null","null","null","null","null","null"
"0500000US36081","Queens County, New York","null","null","null","null","null","null","null","null","null","null","null","null","null","null","null","null","null","null","null","null","null","null","null","null","null","null","null","null","null","null","null","null","null","null","null","null","null","null","null","null","null","null","null","null","null","null","null","null","null","null"
"0500000US36083","Rensselaer County, New York","null","null","null","null","null","null","null","null","null","null","null","null","null","null","null","null","null","null","null","null","null","null","null","null","null","null","null","null","null","null","null","null","null","null","null","null","null","null","null","null","null","null","null","null","null","null","null","null","null","null"
"0500000US36085","Richmond County, New York","null","null","null","null","null","null","null","null","null","null","null","null","null","null","null","null","null","null","null","null","null","null","null","null","null","null","null","null","null","null","null","null","null","null","null","null","null","null","null","null","null","null","null","null","null","null","null","null","null","null"
"0500000US36087","Rockland County, New York","null","null","null","null","null","null","null","null","null","null","null","null","null","null","null","null","null","null","null","null","null","null","null","null","null","null","null","null","null","null","null","null","null","null","null","null","null","null","null","null","null","null","null","null","null","null","null","null","null","null"
"0500000US36089","St. Lawrence County, New York","null","null","null","null","null","null","null","null","null","null","null","null","null","null","null","null","null","null","null","null","null","null","null","null","null","null","null","null","null","null","null","null","null","null","null","null","null","null","null","null","null","null","null","null","null","null","null","null","null","null"
"0500000US36091","Saratoga County, New York","null","null","null","null","null","null","null","null","null","null","null","null","null","null","null","null","null","null","null","null","null","null","null","null","null","null","null","null","null","null","null","null","null","null","null","null","null","null","null","null","null","null","null","null","null","null","null","null","null","null"
"0500000US36093","Schenectady County, New York","null","null","null","null","null","null","null","null","null","null","null","null","null","null","null","null","null","null","null","null","null","null","null","null","null","null","null","null","null","null","null","null","null","null","null","null","null","null","null","null","null","null","null","null","null","null","null","null","null","null"
"0500000US36101","Steuben County, New York","null","null","null","null","null","null","null","null","null","null","null","null","null","null","null","null","null","null","null","null","null","null","null","null","null","null","null","null","null","null","null","null","null","null","null","null","null","null","null","null","null","null","null","null","null","null","null","null","null","null"
"0500000US36103","Suffolk County, New York","null","null","null","null","null","null","null","null","null","null","null","null","null","null","null","null","null","null","null","null","null","null","null","null","null","null","null","null","null","null","null","null","null","null","null","null","null","null","null","null","null","null","null","null","null","null","null","null","null","null"
"0500000US36105","Sullivan County, New York","null","null","null","null","null","null","null","null","null","null","null","null","null","null","null","null","null","null","null","null","null","null","null","null","null","null","null","null","null","null","null","null","null","null","null","null","null","null","null","null","null","null","null","null","null","null","null","null","null","null"
"0500000US36109","Tompkins County, New York","null","null","null","null","null","null","null","null","null","null","null","null","null","null","null","null","null","null","null","null","null","null","null","null","null","null","null","null","null","null","null","null","null","null","null","null","null","null","null","null","null","null","null","null","null","null","null","null","null","null"
"0500000US36111","Ulster County, New York","null","null","null","null","null","null","null","null","null","null","null","null","null","null","null","null","null","null","null","null","null","null","null","null","null","null","null","null","null","null","null","null","null","null","null","null","null","null","null","null","null","null","null","null","null","null","null","null","null","null"
"0500000US36113","Warren County, New York","null","null","null","null","null","null","null","null","null","null","null","null","null","null","null","null","null","null","null","null","null","null","null","null","null","null","null","null","null","null","null","null","null","null","null","null","null","null","null","null","null","null","null","null","null","null","null","null","null","null"
"0500000US36117","Wayne County, New York","null","null","null","null","null","null","null","null","null","null","null","null","null","null","null","null","null","null","null","null","null","null","null","null","null","null","null","null","null","null","null","null","null","null","null","null","null","null","null","null","null","null","null","null","null","null","null","null","null","null"
"0500000US36119","Westchester County, New York","null","null","null","null","null","null","null","null","null","null","null","null","null","null","null","null","null","null","null","null","null","null","null","null","null","null","null","null","null","null","null","null","null","null","null","null","null","null","null","null","null","null","null","null","null","null","null","null","null","null"
