"GEO_ID","NAME","B25063_001E","B25063_001M","B25063_002E","B25063_002M","B25063_003E","B25063_003M","B25063_004E","B25063_004M","B25063_005E","B25063_005M","B25063_006E","B25063_006M","B25063_007E","B25063_007M","B25063_008E","B25063_008M","B25063_009E","B25063_009M","B25063_010E","B25063_010M","B25063_011E","B25063_011M","B25063_012E","B25063_012M","B25063_013E","B25063_013M","B25063_014E","B25063_014M","B25063_015E","B25063_015M","B25063_016E","B25063_016M","B25063_017E","B25063_017M","B25063_018E","B25063_018M","B25063_019E","B25063_019M","B25063_020E","B25063_020M","B25063_021E","B25063_021M","B25063_022E","B25063_022M","B25063_023E","B25063_023M","B25063_024E","B25063_024M","B25063_025E","B25063_025M","B25063_026E","B25063_026M","B25063_027E","B25063_027M"
"id","Geographic Area Name","Estimate!!Total","Margin of Error!!Total","Estimate!!Total!!With cash rent","Margin of Error!!Total!!With cash rent","Estimate!!Total!!With cash rent!!Less than $100","Margin of Error!!Total!!With cash rent!!Less than $100","Estimate!!Total!!With cash rent!!$100 to $149","Margin of Error!!Total!!With cash rent!!$100 to $149","Estimate!!Total!!With cash rent!!$150 to $199","Margin of Error!!Total!!With cash rent!!$150 to $199","Estimate!!Total!!With cash rent!!$200 to $249","Margin of Error!!Total!!With cash rent!!$200 to $249","Estimate!!Total!!With cash rent!!$250 to $299","Margin of Error!!Total!!With cash rent!!$250 to $299","Estimate!!Total!!With cash rent!!$300 to $349","Margin of Error!!Total!!With cash rent!!$300 to $349","Estimate!!Total!!With cash rent!!$350 to $399","Margin of Error!!Total!!With cash rent!!$350 to $399","Estimate!!Total!!With cash rent!!$400 to $449","Margin of Error!!Total!!With cash rent!!$400 to $449","Estimate!!Total!!With cash rent!!$450 to $499","Margin of Error!!Total!!With cash rent!!$450 to $499","Estimate!!Total!!With cash rent!!$500 to $549","Margin of Error!!Total!!With cash rent!!$500 to $549","Estimate!!Total!!With cash rent!!$550 to $599","Margin of Error!!Total!!With cash rent!!$550 to $599","Estimate!!Total!!With cash rent!!$600 to $649","Margin of Error!!Total!!With cash rent!!$600 to $649","Estimate!!Total!!With cash rent!!$650 to $699","Margin of Error!!Total!!With cash rent!!$650 to $699","Estimate!!Total!!With cash rent!!$700 to $749","Margin of Error!!Total!!With cash rent!!$700 to $749","Estimate!!Total!!With cash rent!!$750 to $799","Margin of Error!!Total!!With cash rent!!$750 to $799","Estimate!!Total!!With cash rent!!$800 to $899","Margin of Error!!Total!!With cash rent!!$800 to $899","Estimate!!Total!!With cash rent!!$900 to $999","Margin of Error!!Total!!With cash rent!!$900 to $999","Estimate!!Total!!With cash rent!!$1,000 to $1,249","Margin of Error!!Total!!With cash rent!!$1,000 to $1,249","Estimate!!Total!!With cash rent!!$1,250 to $1,499","Margin of Error!!Total!!With cash rent!!$1,250 to $1,499","Estimate!!Total!!With cash rent!!$1,500 to $1,999","Margin of Error!!Total!!With cash rent!!$1,500 to $1,999","Estimate!!Total!!With cash rent!!$2,000 to $2,499","Margin of Error!!Total!!With cash rent!!$2,000 to $2,499","Estimate!!Total!!With cash rent!!$2,500 to $2,999","Margin of Error!!Total!!With cash rent!!$2,500 to $2,999","Estimate!!Total!!With cash rent!!$3,000 to $3,499","Margin of Error!!Total!!With cash rent!!$3,000 to $3,499","Estimate!!Total!!With cash rent!!$3,500 or more","Margin of Error!!Total!!With cash rent!!$3,500 or more","Estimate!!Total!!No cash rent","Margin of Error!!Total!!No cash rent"
"0500000US36001","Albany County, New York","57111","3157","56114","3102","0","192","88","143","427","323","639","364","919","477","823","445","305","255","510","370","1388","656","867","507","1609","882","1212","468","2559","800","1953","719","3935","1135","7915","1898","6437","1509","11935","1760","6728","1218","3887","976","1170","641","400","358","341","347","67","113","997","540"
"0500000US36005","Bronx County, New York","402257","4695","392446","4851","969","579","1049","505","2861","910","15351","2116","11321","1530","8631","1541","8621","1821","7612","1925","6382","1373","6387","1626","3533","1143","7186","1567","7119","1631","8072","1375","6753","1308","19433","2729","27143","2818","91800","4927","79282","4896","58959","3244","11174","1871","1665","679","828","600","315","242","9811","1760"
"0500000US36007","Broome County, New York","27576","2264","26390","2256","26","48","0","192","0","192","78","79","326","242","497","412","631","362","1032","553","1903","745","2087","767","2128","838","985","361","1798","661","1898","761","1801","719","3460","953","2162","754","3157","989","1426","559","435","248","306","277","74","124","107","174","73","120","1186","474"
"0500000US36009","Cattaraugus County, New York","8599","1152","7945","1092","106","110","0","192","69","63","228","235","163","72","176","107","625","379","265","146","818","420","515","230","698","369","811","382","662","304","983","372","225","161","518","265","637","379","312","210","62","88","46","78","26","43","0","192","0","192","0","192","654","270"
"0500000US36011","Cayuga County, New York","9133","1139","8624","1127","0","192","0","192","24","32","169","178","308","273","125","165","274","296","149","144","117","105","474","305","427","263","843","555","782","455","992","482","451","239","955","464","778","491","1303","594","440","335","13","21","0","192","0","192","0","192","0","192","509","184"
"0500000US36013","Chautauqua County, New York","16506","1691","15772","1667","0","192","0","192","112","119","452","236","137","146","375","241","810","370","921","480","861","407","2246","739","1426","534","1487","413","1404","529","1104","539","717","495","1534","607","880","402","740","300","480","486","50","84","36","46","0","192","0","192","0","192","734","250"
"0500000US36015","Chemung County, New York","12147","1435","11623","1363","64","108","0","192","9","14","485","397","340","269","362","325","205","215","270","187","398","308","686","381","604","385","813","389","603","414","477","352","819","439","1444","568","1103","543","1953","732","513","528","211","187","194","144","70","127","0","192","0","192","524","386"
"0500000US36019","Clinton County, New York","null","null","null","null","null","null","null","null","null","null","null","null","null","null","null","null","null","null","null","null","null","null","null","null","null","null","null","null","null","null","null","null","null","null","null","null","null","null","null","null","null","null","null","null","null","null","null","null","null","null","null","null","null","null"
"0500000US36027","Dutchess County, New York","34965","2336","33021","2362","100","157","91","150","56","97","519","354","226","273","532","419","196","176","150","175","100","174","485","404","267","331","250","279","722","467","1200","574","1152","532","2673","662","3618","866","7326","1197","6192","1377","4705","1237","1720","635","656","394","85","102","0","192","1944","716"
"0500000US36029","Erie County, New York","133807","4451","129035","4549","444","278","468","329","1278","521","5147","1218","1936","671","1815","609","2773","905","3019","872","3784","953","5383","1314","6796","1153","10682","1770","9293","1554","8755","1536","10853","1544","16950","2230","14203","1730","16723","2368","4561","1061","2270","767","986","511","580","422","210","218","126","162","4772","897"
"0500000US36045","Jefferson County, New York","17227","1588","16410","1627","18","31","61","61","250","193","515","420","208","129","162","137","242","176","454","296","263","180","746","505","392","210","555","310","729","391","860","501","569","349","1703","559","1135","517","2574","583","2475","739","2118","681","249","124","124","160","8","16","0","192","817","340"
"0500000US36047","Kings County, New York","664125","6979","646168","6871","1369","607","1250","540","3281","1013","17665","2053","9948","1786","9931","1600","9263","1209","9322","1597","6539","1212","9991","1693","6399","1232","8871","1735","7107","1180","10127","1625","9484","1704","27128","2652","28413","2712","106549","5099","109258","4612","141717","5093","56856","3609","27265","2188","17424","2000","11011","1427","17957","1784"
"0500000US36051","Livingston County, New York","null","null","null","null","null","null","null","null","null","null","null","null","null","null","null","null","null","null","null","null","null","null","null","null","null","null","null","null","null","null","null","null","null","null","null","null","null","null","null","null","null","null","null","null","null","null","null","null","null","null","null","null","null","null"
"0500000US36053","Madison County, New York","null","null","null","null","null","null","null","null","null","null","null","null","null","null","null","null","null","null","null","null","null","null","null","null","null","null","null","null","null","null","null","null","null","null","null","null","null","null","null","null","null","null","null","null","null","null","null","null","null","null","null","null","null","null"
"0500000US36055","Monroe County, New York","110955","3639","108329","3565","136","140","110","182","275","213","2837","1034","1586","673","1544","669","2004","792","2058","726","2225","762","3632","943","3251","797","4146","899","6114","1256","7806","1402","7065","1421","16760","1908","14189","1869","18664","2515","6424","1350","4796","1186","1480","532","357","291","555","481","315","226","2626","794"
"0500000US36059","Nassau County, New York","86139","4584","81051","4329","166","215","0","192","319","288","1207","471","842","390","362","205","979","615","882","461","792","466","548","403","1033","520","985","509","602","329","1028","566","904","494","1437","621","1890","699","9071","1676","11633","1744","21836","2401","11923","1776","6526","1565","4251","1218","1835","800","5088","1153"
"0500000US36061","New York County, New York","575969","10368","563369","10331","857","524","1687","774","3040","963","13002","2322","11374","1855","9423","1903","10947","2218","7155","1689","8333","1914","6910","1586","6907","1734","7516","1736","9029","1975","7497","1618","9862","1960","24081","3017","27515","3021","48103","3685","42468","3487","80448","5725","71097","5408","54063","4407","48624","4215","53431","4623","12600","2806"
"0500000US36063","Niagara County, New York","25347","1886","24477","1860","274","443","0","192","390","428","821","340","900","450","959","519","811","466","822","414","1418","574","1693","748","1382","511","2352","847","1853","622","1711","724","2136","738","2740","801","1645","613","995","406","471","388","860","471","136","142","108","181","0","192","0","192","870","422"
"0500000US36065","Oneida County, New York","26712","2036","25283","1957","88","104","0","192","411","282","647","394","849","464","538","334","662","461","859","387","1249","641","1195","395","1940","745","1855","573","1993","643","2303","921","1999","759","2744","757","1485","680","2861","796","953","460","339","289","192","235","47","81","74","97","0","192","1429","558"
"0500000US36067","Onondaga County, New York","64817","3272","62382","3235","191","187","362","205","478","324","1587","624","1237","528","710","322","764","356","903","473","1809","629","1667","519","2824","699","3373","769","4365","1134","4945","1092","5305","1095","9933","1167","7573","1263","8754","1482","2790","717","1742","564","384","316","152","186","237","307","297","199","2435","605"
"0500000US36069","Ontario County, New York","12669","1236","12194","1193","0","192","0","192","0","192","126","160","779","430","121","128","0","192","400","305","393","242","357","297","657","372","604","273","627","365","735","313","790","419","1622","536","1009","473","2669","780","598","475","609","297","0","192","98","158","0","192","0","192","475","278"
"0500000US36071","Orange County, New York","45687","2715","43478","2747","46","74","85","100","210","338","599","431","125","144","286","253","131","128","76","126","392","389","584","380","988","639","878","764","959","625","1004","494","1046","663","3940","1002","4496","1083","9289","1600","7957","1372","6853","1259","1977","826","1103","619","246","201","208","134","2209","798"
"0500000US36075","Oswego County, New York","13115","1275","11998","1335","0","192","119","128","49","52","82","98","129","119","590","396","158","154","186","167","484","296","498","254","695","360","1009","514","1094","402","1524","650","813","403","936","346","1266","674","1178","435","977","583","211","190","0","192","0","192","0","192","0","192","1117","441"
"0500000US36079","Putnam County, New York","null","null","null","null","null","null","null","null","null","null","null","null","null","null","null","null","null","null","null","null","null","null","null","null","null","null","null","null","null","null","null","null","null","null","null","null","null","null","null","null","null","null","null","null","null","null","null","null","null","null","null","null","null","null"
"0500000US36081","Queens County, New York","425835","7016","408030","6773","194","199","686","357","1348","781","4947","1104","4564","1161","2882","784","2852","1048","2170","806","3055","811","2904","869","2755","643","2543","639","4942","1301","6369","1347","3602","972","13906","2034","16945","2178","62754","4281","79868","3975","128743","5233","41350","3016","10031","1706","5451","1207","3169","784","17805","2419"
"0500000US36083","Rensselaer County, New York","23150","2089","22545","2138","21","37","90","116","288","223","556","425","588","439","470","446","182","184","204","164","230","206","475","242","1031","561","1100","497","958","428","1282","507","973","461","4061","1059","1720","489","5057","1228","1753","684","812","359","694","477","0","192","0","192","0","192","605","365"
"0500000US36085","Richmond County, New York","48427","3087","46310","2915","161","165","150","158","500","320","1233","460","582","336","1301","681","338","215","859","602","594","413","768","504","554","608","837","498","483","357","665","441","955","673","1194","633","2962","1119","9204","1582","9185","1570","9909","1703","3115","975","479","358","239","204","43","70","2117","836"
"0500000US36087","Rockland County, New York","31015","2089","29853","2131","27","46","181","212","51","84","236","251","599","370","86","92","45","76","223","266","406","308","328","204","213","203","263","221","143","173","219","155","571","468","579","413","706","358","5287","1246","5222","992","5752","1014","5433","1048","1229","554","975","447","1079","704","1162","545"
"0500000US36089","St. Lawrence County, New York","10477","1243","9571","1203","0","192","60","84","15","24","682","473","388","324","268","188","177","104","217","180","658","435","575","307","553","324","801","397","342","247","908","353","778","410","570","296","1089","596","839","383","390","274","220","171","41","71","0","192","0","192","0","192","906","328"
"0500000US36091","Saratoga County, New York","26012","2204","24894","2149","81","132","0","192","196","301","55","97","390","369","191","177","172","200","229","208","242","189","435","342","466","356","396","334","1376","828","1263","725","864","479","2883","991","2329","771","4976","971","4173","1464","2170","782","988","511","502","348","517","360","0","192","1118","542"
"0500000US36093","Schenectady County, New York","17015","1700","16297","1747","51","88","0","192","297","366","289","264","171","179","207","299","238","287","135","214","147","154","357","268","222","175","733","487","618","344","1304","571","1316","551","1880","685","2967","866","3200","746","819","312","780","529","252","324","176","147","84","142","54","89","718","648"
"0500000US36101","Steuben County, New York","10455","1236","9489","1228","0","192","0","192","96","127","158","102","280","257","93","96","400","217","308","180","648","331","782","414","1121","487","612","228","675","404","578","325","511","247","1369","615","435","245","921","398","346","307","131","160","0","192","25","42","0","192","0","192","966","363"
"0500000US36103","Suffolk County, New York","99631","4066","95095","4322","296","488","61","78","219","299","649","353","1117","545","878","471","528","424","370","241","634","426","570","448","331","212","257","227","641","501","576","398","568","391","2991","1087","3055","944","10582","2201","14594","2171","27883","2839","19234","2308","5766","1390","2247","837","1048","406","4536","1322"
"0500000US36105","Sullivan County, New York","null","null","null","null","null","null","null","null","null","null","null","null","null","null","null","null","null","null","null","null","null","null","null","null","null","null","null","null","null","null","null","null","null","null","null","null","null","null","null","null","null","null","null","null","null","null","null","null","null","null","null","null","null","null"
"0500000US36109","Tompkins County, New York","16952","1689","16073","1668","0","192","0","192","313","271","147","168","64","106","88","75","188","162","198","196","217","195","355","241","269","199","563","399","291","290","373","307","504","362","2387","897","2142","831","3029","764","2318","752","1971","598","427","320","64","104","0","192","165","219","879","399"
"0500000US36111","Ulster County, New York","21854","1700","20395","1690","0","192","0","192","156","242","279","285","498","308","175","173","467","320","635","703","80","93","138","161","210","212","486","307","496","366","913","629","1005","601","2336","779","2089","867","5694","983","2771","861","1469","574","389","194","0","192","50","91","59","97","1459","676"
"0500000US36113","Warren County, New York","8755","1249","8499","1231","0","192","0","192","44","77","141","141","269","257","216","235","97","158","25","43","35","62","296","274","182","192","337","224","607","340","602","327","412","243","1085","566","1375","555","1497","582","844","445","328","223","38","62","69","116","0","192","0","192","256","186"
"0500000US36117","Wayne County, New York","8965","1338","8579","1323","0","192","0","192","0","192","240","195","208","185","202","144","109","122","136","140","154","169","523","410","639","454","577","293","355","255","453","293","806","470","1462","587","790","381","1244","623","486","432","195","287","0","192","0","192","0","192","0","192","386","224"
"0500000US36119","Westchester County, New York","134473","5045","129019","4842","458","360","235","216","175","177","2877","1011","1572","807","2291","917","1299","580","1705","813","1045","579","697","367","1087","556","648","344","644","405","1405","613","1170","694","4099","1010","7007","1228","19813","2605","22479","2150","32820","2938","13475","1985","5158","1219","3395","965","3465","850","5454","1191"
