Client's_County,latitude,longitude,zipcode,latitude,longitude
Albany,42.6525793,-73.7562317,501,40.922326,-72.637078
Allegany,42.2506243,-78.0330619,544,40.922326,-72.637078
Bronx,40.837048,-73.865433,6390,41.261936,-72.00708
Broome,42.1347222,-75.9063889,10001,40.750742,-73.99653
Cattaraugus,42.2667306,-78.6830853,10002,40.71704,-73.987
Cayuga,42.9667327,-76.5829983,10003,40.732509,-73.98935
Chautauqua,42.2506137,-79.3997685,10005,40.706019,-74.00858
Chemung,42.1500746,-76.7663426,10006,40.707904,-74.01342
Chenango,42.46674,-75.5829625,10007,40.714754,-74.00721
Clinton,44.7333743,-73.6829184,10008,40.780751,-73.977182
Columbia,42.2506433,-73.6495647,10009,40.727093,-73.97864
Cortland,42.6011813,-76.1804843,10010,40.739022,-73.98205
Delaware,42.2000858,-74.9662742,10011,40.741012,-74.00012
Dutchess,41.6267603,-73.8831911,10012,40.72596,-73.99834
Erie,42.7667263,-78.6664163,10013,40.720666,-74.00526
Essex,44.100053,-73.8162489,10014,40.734718,-74.00532
Franklin,44.6500547,-74.3496082,10015,40.780751,-73.977182
Fulton,43.1167383,-74.4495837,10016,40.74618,-73.97759
Genesee,43.0006156,-78.1830721,10017,40.752159,-73.97231
Greene,42.2667528,-74.2162533,10018,40.755101,-73.99337
Hamilton,43.6667331,-74.5001569,10019,40.765714,-73.9856
Herkimer,43.4500685,-74.9496038,10020,40.758667,-73.98024
Jeffersony,44.0500589,-75.8996501,10021,40.76842,-73.96045
Kings,40.6501038,-73.9495823,10022,40.759015,-73.96732
Lewis,43.8000693,-75.4829618,10023,40.776099,-73.98285
Livingston,42.7333968,-77.766389,10024,40.786387,-73.97709
Madison,42.9334013,-75.6496268,10025,40.798502,-73.96811
Monroe,43.150062,-77.6830592,10026,40.802853,-73.95471
Montgomery,42.8834072,-74.4162468,10027,40.812665,-73.95499
Nassau,40.7506561,-73.582905,10028,40.776777,-73.9541
New York,40.7786831,-74.1905219,10029,40.791586,-73.94575
Niagara,43.3119496,-78.7476208,10030,40.818151,-73.94351
Oneida,43.2195139,-75.4285071,10031,40.826201,-73.94879
Onondaga,43.0006216,-76.1663138,10032,40.840686,-73.94154
Ontario,43.3071,-77.85855,10033,40.848764,-73.93496
Orange,41.4167605,-74.3162633,10034,40.867653,-73.92
Orleans,43.2458333,-78.1930556,10035,40.802395,-73.93359
Oswego,43.4553461,-76.5104973,10036,40.759511,-73.99019
Otsego,42.6334091,-75.0162701,10037,40.813385,-73.93616
Putnam,41.4334268,-73.7329091,10038,40.709677,-74.00365
Queens,40.700103,-73.7995781,10039,40.826181,-73.9371
Rensselaer,42.7167452,-73.4828911,10040,40.858704,-73.92853
Richmond,40.5834379,-74.1495875,10041,40.703042,-74.01009
Rockland,41.1667617,-74.0495861,10043,40.780751,-73.977182
St. Lawrence,44.5006173,-75.1163146,10044,40.762174,-73.94917
Saratoga,43.0675747,-73.7784538,10045,40.70859,-74.008687
Schenectady,42.8017434,-73.927624,10046,40.780751,-73.977182
Schoharie,42.5667427,-74.4662542,10047,40.780751,-73.977182
Schuyler,42.39,-76.88,10048,40.712086,-74.01227
Seneca,42.79,-76.83,10055,40.780751,-73.977182
Steuben,42.2667396,-77.3330356,10060,40.780751,-73.977182
Suffolk,40.8667653,-72.7995456,10069,40.775477,-73.9905
Sullivan,41.7000894,-74.7829405,10072,40.780751,-73.977182
Tioga,42.17,-76.3,10079,40.780751,-73.977182
Tompkins,42.4406284,-76.4966071,10080,40.780751,-73.977182
Ulster,41.9261111,-74.0163889,10081,40.780751,-73.977182
,,,10082,40.780751,-73.977182
,,,10087,40.780751,-73.977182
,,,10090,40.780751,-73.977182
,,,10094,40.780751,-73.977182
,,,10095,40.748181,-73.988421
,,,10096,40.780751,-73.977182
,,,10098,40.748181,-73.988421
,,,10099,40.780751,-73.977182
,,,10101,40.780751,-73.977182
,,,10102,40.780751,-73.977182
,,,10103,40.760915,-73.97785
,,,10104,40.760943,-73.979908
,,,10105,40.762808,-73.978534
,,,10106,40.765243,-73.980438
,,,10107,40.766429,-73.982728
,,,10108,40.780751,-73.977182
,,,10109,40.780751,-73.977182
,,,10110,40.753987,-73.980811
,,,10111,40.759235,-73.97775
,,,10112,40.759291,-73.97979
,,,10113,40.780751,-73.977182
,,,10114,40.780751,-73.977182
,,,10115,40.810906,-73.96375
,,,10116,40.780751,-73.977182
,,,10117,40.780751,-73.977182
,,,10118,40.748998,-73.986467
,,,10119,40.750824,-73.99289
,,,10120,40.750629,-73.989426
,,,10121,40.74964,-73.991889
,,,10122,40.751757,-73.992171
,,,10123,40.751489,-73.990537
,,,10124,40.780751,-73.977182
,,,10125,40.780751,-73.977182
,,,10126,40.780751,-73.977182
,,,10128,40.781894,-73.95039
,,,10129,40.780751,-73.977182
,,,10130,40.780751,-73.977182
,,,10131,40.780751,-73.977182
,,,10132,40.780751,-73.977182
,,,10133,40.780751,-73.977182
,,,10138,40.780751,-73.977182
,,,10149,40.780751,-73.977182
,,,10150,40.780751,-73.977182
,,,10151,40.763419,-73.973971
,,,10152,40.758611,-73.97223
,,,10153,40.763742,-73.97268
,,,10154,40.757986,-73.97267
,,,10155,40.761104,-73.968036
,,,10156,40.780751,-73.977182
,,,10157,40.780751,-73.977182
,,,10158,40.749435,-73.9758
,,,10159,40.780751,-73.977182
,,,10160,40.780751,-73.977182
,,,10161,40.780751,-73.977182
,,,10162,40.769334,-73.94893
,,,10163,40.780751,-73.977182
,,,10164,40.780751,-73.977182
,,,10165,40.752354,-73.9789
,,,10166,40.754591,-73.976238
,,,10167,40.754862,-73.97495
,,,10168,40.751933,-73.976794
,,,10169,40.754463,-73.97606
,,,10170,40.752859,-73.97608
,,,10171,40.756099,-73.97401
,,,10172,40.755494,-73.97447
,,,10173,40.754302,-73.97955
,,,10174,40.751656,-73.97516
,,,10175,40.754305,-73.979782
,,,10176,40.75557,-73.978877
,,,10177,40.755345,-73.97609
,,,10178,40.751378,-73.978507
,,,10179,40.780751,-73.977182
,,,10184,40.780751,-73.977182
,,,10185,40.780751,-73.977182
,,,10196,40.780751,-73.977182
,,,10197,40.780751,-73.977182
,,,10199,40.750308,-74.00058
,,,10203,40.780751,-73.977182
,,,10211,40.780751,-73.977182
,,,10212,40.780751,-73.977182
,,,10213,40.780751,-73.977182
,,,10242,40.780751,-73.977182
,,,10249,40.780751,-73.977182
,,,10250,40.709387,-74.016529
,,,10256,40.780751,-73.977182
,,,10257,40.780751,-73.977182
,,,10258,40.780751,-73.977182
,,,10259,40.780751,-73.977182
,,,10260,40.780751,-73.977182
,,,10261,40.780751,-73.977182
,,,10265,40.780751,-73.977182
,,,10268,40.780751,-73.977182
,,,10269,40.780751,-73.977182
,,,10270,40.706925,-74.008154
,,,10271,40.708669,-74.01043
,,,10272,40.780751,-73.977182
,,,10273,40.780751,-73.977182
,,,10274,40.780751,-73.977182
,,,10275,40.780751,-73.977182
,,,10276,40.780751,-73.977182
,,,10277,40.780751,-73.977182
,,,10278,40.715721,-74.00395
,,,10279,40.713062,-74.00857
,,,10280,40.707467,-74.0178
,,,10281,40.714643,-74.014958
,,,10282,40.717179,-74.01433
,,,10285,40.71533,-74.016306
,,,10286,40.714231,-74.011895
,,,10292,40.780751,-73.977182
,,,10301,40.631775,-74.09432
,,,10302,40.631127,-74.13715
,,,10303,40.629448,-74.16239
,,,10304,40.60787,-74.08991
,,,10305,40.599021,-74.07503
,,,10306,40.569394,-74.11785
,,,10307,40.508274,-74.24387
,,,10308,40.551353,-74.15098
,,,10309,40.529749,-74.21304
,,,10310,40.63212,-74.11551
,,,10311,40.605245,-74.179485
,,,10312,40.543117,-74.17628
,,,10313,40.564393,-74.146836
,,,10314,40.606337,-74.14513
,,,10422,40.828279,-73.869454
,,,10451,40.819729,-73.9223
,,,10452,40.838745,-73.92234
,,,10453,40.853017,-73.91214
,,,10454,40.805968,-73.91628
,,,10455,40.815559,-73.90771
,,,10456,40.829676,-73.90856
,,,10457,40.846745,-73.89861
,,,10458,40.864166,-73.88881
,,,10459,40.825432,-73.89327
,,,10460,40.84095,-73.88036
,,,10461,40.842917,-73.83819
,,,10462,40.842173,-73.85862
,,,10463,40.881086,-73.90749
,,,10464,40.857017,-73.78903
,,,10465,40.825727,-73.81752
,,,10466,40.89095,-73.84702
,,,10467,40.872265,-73.86937
,,,10468,40.867107,-73.89916
,,,10469,40.868643,-73.84735
,,,10470,40.900629,-73.86072
,,,10471,40.900819,-73.90347
,,,10472,40.830409,-73.86845
,,,10473,40.818514,-73.85893
,,,10474,40.81321,-73.88755
,,,10475,40.878522,-73.82541
,,,10499,40.851549,-73.840908
,,,10501,41.289939,-73.76493
,,,10502,41.011324,-73.84152
,,,10503,41.024855,-73.87513
,,,10504,41.129908,-73.70352
,,,10505,41.33431,-73.749244
,,,10506,41.195778,-73.62777
,,,10507,41.236931,-73.69018
,,,10509,41.41362,-73.59556
,,,10510,41.146297,-73.83311
,,,10511,41.260283,-73.94033
,,,10512,41.444833,-73.6845
,,,10514,41.167455,-73.77597
,,,10516,41.440695,-73.9314
,,,10517,41.300561,-73.861217
,,,10518,41.269072,-73.60493
,,,10519,41.34598,-73.66199
,,,10520,41.215541,-73.88543
,,,10521,41.234256,-73.926165
,,,10522,41.012729,-73.86602
,,,10523,41.057089,-73.81658
,,,10524,41.363063,-73.92154
,,,10526,41.294561,-73.66701
,,,10527,41.319026,-73.7576
,,,10528,40.972667,-73.71886
,,,10530,41.025114,-73.80635
,,,10532,41.103664,-73.7958
,,,10533,41.039005,-73.8635
,,,10535,41.331173,-73.80208
,,,10536,41.265478,-73.68512
,,,10537,41.337335,-73.88689
,,,10538,40.933089,-73.75615
,,,10540,41.333398,-73.724257
,,,10541,41.372419,-73.75367
,,,10542,41.372581,-73.760132
,,,10543,40.952892,-73.7346
,,,10545,41.119008,-73.732996
,,,10546,41.199502,-73.79269
,,,10547,41.314676,-73.85118
,,,10548,41.248359,-73.94147
,,,10549,41.204027,-73.73045
,,,10550,40.907607,-73.83709
,,,10551,41.119008,-73.732996
,,,10552,40.924195,-73.82614
,,,10553,40.909288,-73.8215
,,,10557,41.119008,-73.732996
,,,10558,41.119008,-73.732996
,,,10559,41.119008,-73.732996
,,,10560,41.32797,-73.61306
,,,10562,41.176837,-73.84741
,,,10566,41.288258,-73.91928
,,,10567,41.300813,-73.8908
,,,10570,41.132367,-73.78922
,,,10571,41.119008,-73.732996
,,,10572,41.119008,-73.732996
,,,10573,41.010376,-73.67326
,,,10576,41.212954,-73.58409
,,,10577,41.037203,-73.71588
,,,10578,41.3252,-73.66906
,,,10579,41.390356,-73.8377
,,,10580,40.976579,-73.69002
,,,10581,41.119008,-73.732996
,,,10583,40.98845,-73.79716
,,,10586,40.997751,-73.820321
,,,10587,41.328737,-73.742268
,,,10588,41.330178,-73.82973
,,,10589,41.331587,-73.69234
,,,10590,41.256639,-73.54076
,,,10591,41.080196,-73.85721
,,,10592,41.119008,-73.732996
,,,10594,41.120025,-73.77687
,,,10595,41.083848,-73.77785
,,,10596,41.254823,-73.958727
,,,10597,41.289162,-73.58834
,,,10598,41.296874,-73.78934
,,,10601,41.032489,-73.76454
,,,10602,41.119008,-73.732996
,,,10603,41.053182,-73.77672
,,,10604,41.045387,-73.74451
,,,10605,41.01002,-73.75158
,,,10606,41.024107,-73.77808
,,,10607,41.041191,-73.80953
,,,10610,41.119008,-73.732996
,,,10625,41.119008,-73.732996
,,,10629,41.119008,-73.732996
,,,10633,41.119008,-73.732996
,,,10650,41.013696,-73.705975
,,,10701,40.943525,-73.88176
,,,10702,41.119008,-73.732996
,,,10703,40.956546,-73.8799
,,,10704,40.920273,-73.8612
,,,10705,40.917281,-73.89142
,,,10706,40.992084,-73.8729
,,,10707,40.958689,-73.82363
,,,10708,40.939049,-73.83099
,,,10709,40.953849,-73.81143
,,,10710,40.96555,-73.84506
,,,10730,41.358899,-74.122951
,,,10801,40.915845,-73.78643
,,,10802,40.948274,-73.795361
,,,10803,40.902221,-73.80717
,,,10804,40.946805,-73.78797
,,,10805,40.897783,-73.77933
,,,10901,41.125695,-74.12682
,,,10910,41.386195,-74.125718
,,,10911,41.160945,-74.060826
,,,10912,41.387822,-74.354699
,,,10913,41.062779,-73.96016
,,,10914,41.464867,-74.255646
,,,10915,41.555634,-74.328805
,,,10916,41.451074,-74.24346
,,,10917,41.322344,-74.12354
,,,10918,41.35648,-74.26072
,,,10919,41.525781,-74.37907
,,,10920,41.149245,-73.94287
,,,10921,41.332519,-74.35931
,,,10922,41.334557,-73.99175
,,,10923,41.204544,-74.00161
,,,10924,41.38928,-74.3337
,,,10925,41.211794,-74.29778
,,,10926,41.299334,-74.14049
,,,10927,41.196044,-73.96836
,,,10928,41.360336,-73.97293
,,,10930,41.35805,-74.12096
,,,10931,41.126395,-74.16718
,,,10932,41.485227,-74.484249
,,,10933,41.365286,-74.510918
,,,10940,41.449364,-74.43951
,,,10941,41.478028,-74.35844
,,,10943,41.387822,-74.354699
,,,10946,41.507236,-74.412119
,,,10950,41.323547,-74.19531
,,,10952,41.116162,-74.07556
,,,10953,41.409284,-74.083045
,,,10954,41.100182,-74.0133
,,,10956,41.145495,-73.9949
,,,10957,41.308218,-73.613803
,,,10958,41.384738,-74.41571
,,,10959,41.387822,-74.354699
,,,10960,41.089746,-73.9258
,,,10962,41.047996,-73.96215
,,,10963,41.475197,-74.53847
,,,10964,41.011464,-73.92585
,,,10965,41.063329,-74.01734
,,,10968,41.040623,-73.91878
,,,10969,41.295568,-74.48935
,,,10970,41.192394,-74.04523
,,,10973,41.391172,-74.47758
,,,10974,41.156095,-74.19214
,,,10975,41.246428,-74.17141
,,,10976,41.028647,-73.92817
,,,10977,41.116795,-74.04504
,,,10979,41.182344,-74.318354
,,,10980,41.231408,-74.01157
,,,10981,41.323172,-74.288565
,,,10982,41.160945,-74.060826
,,,10983,41.025897,-73.95118
,,,10984,41.208327,-74.02105
,,,10985,41.580793,-74.37451
,,,10986,41.271543,-73.98676
,,,10987,41.197123,-74.21069
,,,10988,41.314931,-74.550346
,,,10989,41.119788,-73.94455
,,,10990,41.259896,-74.35837
,,,10992,41.428269,-74.16178
,,,10993,41.207594,-73.97772
,,,10994,41.097529,-73.96996
,,,10995,41.160945,-74.060826
,,,10996,41.376109,-73.9788
,,,10997,41.387822,-74.354699
,,,10998,41.334034,-74.54593
,,,11001,40.7232,-73.70475
,,,11002,40.754757,-73.601772
,,,11003,40.700529,-73.70223
,,,11004,40.742944,-73.70956
,,,11005,40.756983,-73.7148
,,,11010,40.701702,-73.67562
,,,11020,40.771082,-73.71819
,,,11021,40.787068,-73.72577
,,,11022,40.754757,-73.601772
,,,11023,40.798839,-73.73352
,,,11024,40.812887,-73.74094
,,,11025,40.754757,-73.601772
,,,11026,40.754757,-73.601772
,,,11027,40.754757,-73.601772
,,,11030,40.796752,-73.68935
,,,11040,40.742901,-73.67895
,,,11041,40.754757,-73.601772
,,,11042,40.760128,-73.69379
,,,11043,40.754757,-73.601772
,,,11044,40.754757,-73.601772
,,,11050,40.833246,-73.69309
,,,11051,40.754757,-73.601772
,,,11052,40.754757,-73.601772
,,,11053,40.754757,-73.601772
,,,11054,40.754757,-73.601772
,,,11055,40.754757,-73.601772
,,,11096,40.618206,-73.74762
,,,11099,40.754757,-73.601772
,,,11101,40.745341,-73.93907
,,,11102,40.771286,-73.92462
,,,11103,40.762968,-73.91091
,,,11104,40.743796,-73.91949
,,,11105,40.774686,-73.90816
,,,11106,40.762012,-73.93147
,,,11109,40.651378,-73.870779
,,,11120,40.651378,-73.870779
,,,11201,40.695286,-73.98907
,,,11202,40.645099,-73.945032
,,,11203,40.649059,-73.93304
,,,11204,40.618944,-73.98473
,,,11205,40.694214,-73.96529
,,,11206,40.702348,-73.94288
,,,11207,40.670874,-73.89424
,,,11208,40.672666,-73.87248
,,,11209,40.62327,-74.0295
,,,11210,40.627946,-73.94552
,,,11211,40.71209,-73.95427
,,,11212,40.662191,-73.91328
,,,11213,40.670937,-73.93459
,,,11214,40.598994,-73.99611
,,,11215,40.667508,-73.9856
,,,11216,40.680398,-73.94824
,,,11217,40.68209,-73.97783
,,,11218,40.644552,-73.97595
,,,11219,40.632449,-73.99629
,,,11220,40.641436,-74.01574
,,,11221,40.691234,-73.92637
,,,11222,40.726302,-73.94559
,,,11223,40.598142,-73.97229
,,,11224,40.576589,-73.99172
,,,11225,40.662892,-73.95509
,,,11226,40.645256,-73.95553
,,,11228,40.617563,-74.01168
,,,11229,40.599256,-73.94118
,,,11230,40.622994,-73.96427
,,,11231,40.6788,-74.00254
,,,11232,40.655481,-74.00424
,,,11233,40.676938,-73.91858
,,,11234,40.618561,-73.9216
,,,11235,40.583803,-73.95019
,,,11236,40.640527,-73.90362
,,,11237,40.703355,-73.91993
,,,11238,40.680145,-73.96257
,,,11239,40.645848,-73.87919
,,,11240,40.645099,-73.945032
,,,11241,40.645099,-73.945032
,,,11242,40.645099,-73.945032
,,,11243,40.645099,-73.945032
,,,11244,40.645099,-73.945032
,,,11245,40.645099,-73.945032
,,,11247,40.645099,-73.945032
,,,11248,40.645099,-73.945032
,,,11249,40.645099,-73.945032
,,,11251,40.645099,-73.945032
,,,11252,40.645099,-73.945032
,,,11254,40.645099,-73.945032
,,,11255,40.645099,-73.945032
,,,11256,40.645099,-73.945032
,,,11286,40.658825,-74.004495
,,,11302,40.75945,-73.715016
,,,11351,40.781703,-73.831698
,,,11352,40.651378,-73.870779
,,,11353,40.651378,-73.870779
,,,11354,40.767969,-73.82496
,,,11355,40.749463,-73.81941
,,,11356,40.785462,-73.84366
,,,11357,40.784453,-73.80922
,,,11358,40.760522,-73.79612
,,,11359,40.79278,-73.776701
,,,11360,40.780386,-73.78005
,,,11361,40.763177,-73.77392
,,,11362,40.759686,-73.73322
,,,11363,40.772636,-73.74644
,,,11364,40.746718,-73.75994
,,,11365,40.738983,-73.79209
,,,11366,40.726137,-73.79502
,,,11367,40.728614,-73.82145
,,,11368,40.747106,-73.85838
,,,11369,40.762854,-73.87051
,,,11370,40.763015,-73.89052
,,,11371,40.772072,-73.87509
,,,11372,40.750146,-73.88433
,,,11373,40.736076,-73.87804
,,,11374,40.724945,-73.8609
,,,11375,40.720535,-73.84582
,,,11377,40.742869,-73.90377
,,,11378,40.724096,-73.90271
,,,11379,40.716028,-73.87925
,,,11380,40.651378,-73.870779
,,,11381,40.651378,-73.870779
,,,11385,40.703069,-73.89285
,,,11386,40.651378,-73.870779
,,,11388,40.651378,-73.870779
,,,11390,40.651378,-73.870779
,,,11405,40.651378,-73.870779
,,,11411,40.693538,-73.73574
,,,11412,40.697188,-73.75948
,,,11413,40.670138,-73.75141
,,,11414,40.658188,-73.84321
,,,11415,40.706903,-73.82973
,,,11416,40.683301,-73.8503
,,,11417,40.675534,-73.84476
,,,11418,40.698485,-73.83365
,,,11419,40.688688,-73.82216
,,,11420,40.673138,-73.81443
,,,11421,40.69087,-73.85828
,,,11422,40.662538,-73.73514
,,,11423,40.714261,-73.76824
,,,11424,40.651378,-73.870779
,,,11425,40.651378,-73.870779
,,,11426,40.732239,-73.72108
,,,11427,40.728235,-73.74782
,,,11428,40.719981,-73.74127
,,,11429,40.708833,-73.73903
,,,11430,40.650519,-73.79567
,,,11431,40.686903,-73.850143
,,,11432,40.714144,-73.79324
,,,11433,40.696538,-73.78734
,,,11434,40.674888,-73.7727
,,,11435,40.700068,-73.80986
,,,11436,40.674146,-73.79687
,,,11439,40.722008,-73.790822
,,,11451,40.651378,-73.870779
,,,11484,40.651378,-73.870779
,,,11499,40.651378,-73.870779
,,,11501,40.747188,-73.63808
,,,11507,40.769942,-73.65004
,,,11509,40.589538,-73.72915
,,,11510,40.654112,-73.6095
,,,11514,40.750132,-73.61328
,,,11516,40.627386,-73.72852
,,,11517,40.679845,-73.986415
,,,11518,40.639575,-73.66703
,,,11520,40.653935,-73.587
,,,11530,40.725257,-73.64056
,,,11531,40.754757,-73.601772
,,,11535,40.754757,-73.601772
,,,11536,40.754757,-73.601772
,,,11542,40.864757,-73.62609
,,,11545,40.823957,-73.60415
,,,11547,40.828143,-73.64401
,,,11548,40.813187,-73.62561
,,,11549,40.754757,-73.601772
,,,11550,40.702271,-73.61741
,,,11551,40.754757,-73.601772
,,,11552,40.6949,-73.65394
,,,11553,40.703502,-73.59306
,,,11554,40.7143,-73.55527
,,,11555,40.754757,-73.601772
,,,11556,40.754757,-73.601772
,,,11557,40.639534,-73.69253
,,,11558,40.603159,-73.65515
,,,11559,40.61579,-73.73126
,,,11560,40.881957,-73.59417
,,,11561,40.588154,-73.66517
,,,11562,40.665202,-73.668274
,,,11563,40.656974,-73.67306
,,,11564,40.754757,-73.601772
,,,11565,40.675249,-73.67298
,,,11566,40.666575,-73.55475
,,,11568,40.787368,-73.60119
,,,11569,40.593996,-73.58039
,,,11570,40.663935,-73.63792
,,,11571,40.754757,-73.601772
,,,11572,40.636286,-73.6374
,,,11575,40.679413,-73.58694
,,,11576,40.793839,-73.65156
,,,11577,40.785642,-73.64006
,,,11579,40.846388,-73.64452
,,,11580,40.673,-73.70346
,,,11581,40.651733,-73.71079
,,,11582,40.754757,-73.601772
,,,11583,40.754757,-73.601772
,,,11588,40.754757,-73.601772
,,,11590,40.756287,-73.57536
,,,11592,40.621753,-73.632673
,,,11593,40.754757,-73.601772
,,,11594,40.754757,-73.601772
,,,11595,40.754757,-73.601772
,,,11596,40.758283,-73.64259
,,,11597,40.754757,-73.601772
,,,11598,40.633103,-73.71404
,,,11599,40.607574,-73.742691
,,,11690,40.651378,-73.870779
,,,11691,40.60002,-73.75962
,,,11692,40.592939,-73.79568
,,,11693,40.596959,-73.81978
,,,11694,40.57649,-73.84721
,,,11695,40.651378,-73.870779
,,,11696,40.651378,-73.870779
,,,11697,40.560167,-73.90891
,,,11701,40.6851,-73.41317
,,,11702,40.687649,-73.32549
,,,11703,40.733398,-73.32257
,,,11704,40.719249,-73.35829
,,,11705,40.74485,-73.055
,,,11706,40.729098,-73.25607
,,,11707,40.922326,-72.637078
,,,11708,40.922326,-72.637078
,,,11709,40.907277,-73.55713
,,,11710,40.673438,-73.53382
,,,11713,40.771447,-72.94663
,,,11714,40.740662,-73.48631
,,,11715,40.74897,-73.03436
,,,11716,40.770042,-73.11376
,,,11717,40.783954,-73.24517
,,,11718,40.720746,-73.26614
,,,11719,40.780058,-72.91566
,,,11720,40.868946,-73.08009
,,,11721,40.890598,-73.37536
,,,11722,40.784874,-73.19924
,,,11724,40.865731,-73.44645
,,,11725,40.841522,-73.28001
,,,11726,40.680892,-73.39609
,,,11727,40.884895,-73.00501
,,,11729,40.760698,-73.33007
,,,11730,40.72921,-73.18073
,,,11731,40.865998,-73.31796
,,,11732,40.848766,-73.53478
,,,11733,40.932053,-73.10666
,,,11735,40.725968,-73.44151
,,,11736,40.754757,-73.601772
,,,11737,40.754757,-73.601772
,,,11738,40.83469,-73.0386
,,,11739,40.922326,-72.637078
,,,11740,40.862565,-73.36221
,,,11741,40.799706,-73.07485
,,,11742,40.810606,-73.04036
,,,11743,40.867498,-73.41146
,,,11745,40.922326,-72.637078
,,,11746,40.821698,-73.37553
,,,11747,40.791593,-73.40543
,,,11749,40.922326,-72.637078
,,,11750,40.922326,-72.637078
,,,11751,40.734212,-73.21416
,,,11752,40.754386,-73.18326
,,,11753,40.786544,-73.53675
,,,11754,40.888497,-73.24258
,,,11755,40.855402,-73.11839
,,,11756,40.724883,-73.51739
,,,11757,40.690049,-73.37442
,,,11758,40.68085,-73.46289
,,,11760,40.810246,-73.191789
,,,11762,40.68505,-73.44681
,,,11763,40.820786,-72.98375
,,,11764,40.946506,-72.98837
,,,11765,40.88889,-73.55608
,,,11766,40.929242,-73.01317
,,,11767,40.842962,-73.14303
,,,11768,40.905647,-73.33114
,,,11769,40.736011,-73.1296
,,,11770,40.643951,-73.16115
,,,11771,40.868882,-73.52292
,,,11772,40.770898,-73.00213
,,,11773,40.754757,-73.601772
,,,11774,40.754757,-73.601772
,,,11775,40.922326,-72.637078
,,,11776,40.911082,-73.04966
,,,11777,40.946103,-73.06222
,,,11778,40.954093,-72.92884
,,,11779,40.818826,-73.1187
,,,11780,40.884394,-73.15868
,,,11782,40.739869,-73.07198
,,,11783,40.679752,-73.48959
,,,11784,40.869274,-73.04254
,,,11786,40.94993,-72.89533
,,,11787,40.853343,-73.20777
,,,11788,40.819266,-73.20967
,,,11789,40.955586,-72.9733
,,,11790,40.906174,-73.12748
,,,11791,40.815215,-73.50057
,,,11792,40.953261,-72.8368
,,,11793,40.676649,-73.51122
,,,11794,40.922326,-72.637078
,,,11795,40.713459,-73.3001
,,,11796,40.731954,-73.10081
,,,11797,40.813801,-73.46912
,,,11798,40.752098,-73.36516
,,,11801,40.763355,-73.52323
,,,11802,40.754757,-73.601772
,,,11803,40.779911,-73.47948
,,,11804,40.765378,-73.45781
,,,11805,40.922326,-72.637078
,,,11815,40.754757,-73.601772
,,,11819,40.754757,-73.601772
,,,11853,40.754757,-73.601772
,,,11854,40.754757,-73.601772
,,,11855,40.754757,-73.601772
,,,11901,40.926595,-72.65327
,,,11930,40.985301,-72.10411
,,,11931,40.922326,-72.637078
,,,11932,40.939075,-72.30514
,,,11933,40.933429,-72.74646
,,,11934,40.797772,-72.79719
,,,11935,41.012868,-72.4723
,,,11937,40.995384,-72.18564
,,,11939,41.128923,-72.34189
,,,11940,40.806287,-72.75673
,,,11941,40.824658,-72.72356
,,,11942,40.84867,-72.57794
,,,11944,41.103838,-72.36729
,,,11946,40.875897,-72.52063
,,,11947,40.943323,-72.57996
,,,11948,40.961916,-72.55024
,,,11949,40.855861,-72.79736
,,,11950,40.80481,-72.84664
,,,11951,40.763634,-72.84554
,,,11952,40.994649,-72.53731
,,,11953,40.886267,-72.9552
,,,11954,41.03831,-71.9506
,,,11955,40.805789,-72.82092
,,,11956,40.991836,-72.47505
,,,11957,41.151826,-72.27511
,,,11958,41.03687,-72.45341
,,,11959,40.825411,-72.60506
,,,11960,40.803923,-72.70421
,,,11961,40.89609,-72.87824
,,,11962,40.937683,-72.26831
,,,11963,40.99628,-72.31074
,,,11964,41.060843,-72.33159
,,,11965,41.07815,-72.35093
,,,11967,40.794317,-72.87181
,,,11968,40.904348,-72.40714
,,,11969,40.922326,-72.637078
,,,11970,40.941363,-72.57502
,,,11971,41.059209,-72.42041
,,,11972,40.8204,-72.70113
,,,11973,40.922326,-72.637078
,,,11975,40.947419,-72.24505
,,,11976,40.919693,-72.34407
,,,11977,40.81819,-72.67835
,,,11978,40.816142,-72.63449
,,,11980,40.832858,-72.91611
,,,12007,42.482455,-73.936671
,,,12008,42.853043,-73.9029
,,,12009,42.698692,-74.03148
,,,12010,42.940644,-74.17899
,,,12015,42.279649,-73.81701
,,,12016,42.910206,-74.423606
,,,12017,42.323565,-73.45257
,,,12018,42.62742,-73.53494
,,,12019,42.916343,-73.86657
,,,12020,43.006309,-73.8604
,,,12022,42.681107,-73.3489
,,,12023,42.610306,-74.15692
,,,12024,42.494981,-73.510676
,,,12025,43.07681,-74.15332
,,,12027,42.912175,-73.90355
,,,12028,42.932315,-73.44521
,,,12029,42.399159,-73.42757
,,,12031,42.770985,-74.44694
,,,12032,43.158567,-74.49646
,,,12033,42.534631,-73.71327
,,,12035,42.722477,-74.35064
,,,12036,42.546034,-74.67315
,,,12037,42.346758,-73.57852
,,,12040,42.646742,-73.371611
,,,12041,42.543326,-73.97403
,,,12042,42.403719,-73.90875
,,,12043,42.696926,-74.52436
,,,12045,42.474135,-73.79335
,,,12046,42.475609,-73.92656
,,,12047,42.773777,-73.70793
,,,12050,42.317154,-73.748555
,,,12051,42.353773,-73.82774
,,,12052,42.74891,-73.49405
,,,12053,42.749499,-74.18601
,,,12054,42.614979,-73.84086
,,,12055,42.614852,-73.970812
,,,12056,42.767853,-74.09083
,,,12057,42.959229,-73.35236
,,,12058,42.350557,-73.91978
,,,12059,42.621933,-74.05574
,,,12060,42.41956,-73.50412
,,,12061,42.593047,-73.67343
,,,12062,42.525531,-73.50207
,,,12063,42.559697,-73.63335
,,,12064,42.615422,-74.6595
,,,12065,42.853676,-73.78445
,,,12066,42.784091,-74.3116
,,,12067,42.561226,-73.92528
,,,12068,42.953913,-74.37883
,,,12069,42.945701,-74.263312
,,,12070,42.970827,-74.24778
,,,12071,42.565907,-74.41457
,,,12072,42.896974,-74.37495
,,,12073,42.592287,-74.438129
,,,12074,43.068203,-74.05526
,,,12075,42.305793,-73.6514
,,,12076,42.425405,-74.40616
,,,12077,42.600551,-73.79621
,,,12078,43.069562,-74.3436
,,,12081,42.59362,-73.566328
,,,12082,42.772624,-73.446834
,,,12083,42.430684,-74.03728
,,,12084,42.698231,-73.89906
,,,12085,42.694777,-73.905271
,,,12086,42.981745,-74.14257
,,,12087,42.434883,-73.89271
,,,12089,42.866666,-73.318113
,,,12090,42.888816,-73.3555
,,,12092,42.691779,-74.37513
,,,12093,42.496939,-74.62813
,,,12094,42.899334,-73.49006
,,,12095,43.014523,-74.38473
,,,12103,42.6464,-74.130201
,,,12106,42.388394,-73.70726
,,,12107,42.660046,-74.116812
,,,12108,43.525388,-74.40875
,,,12110,42.74964,-73.76802
,,,12111,42.614852,-73.970812
,,,12115,42.469991,-73.58587
,,,12116,42.538589,-74.92185
,,,12117,43.146907,-74.23466
,,,12118,42.915904,-73.70539
,,,12120,42.456127,-74.14059
,,,12121,42.851106,-73.61867
,,,12122,42.558318,-74.31458
,,,12123,42.522197,-73.60613
,,,12124,42.444198,-73.788241
,,,12125,42.474028,-73.4075
,,,12128,42.724978,-73.764296
,,,12130,42.442592,-73.65778
,,,12131,42.482123,-74.45715
,,,12132,42.466061,-73.629296
,,,12133,42.926121,-73.346409
,,,12134,43.21892,-74.14822
,,,12136,42.437594,-73.55599
,,,12137,42.862695,-74.11759
,,,12138,42.760049,-73.36801
,,,12139,43.40276,-74.56972
,,,12140,42.693228,-73.56922
,,,12141,42.731771,-74.185395
,,,12143,42.46915,-73.82956
,,,12144,42.63738,-73.72587
,,,12147,42.518386,-74.15997
,,,12148,42.842133,-73.86828
,,,12149,42.63119,-74.572
,,,12150,42.876756,-74.05452
,,,12151,42.932326,-73.79363
,,,12153,42.638579,-73.48051
,,,12154,42.925765,-73.60664
,,,12155,42.587708,-74.83536
,,,12156,42.479967,-73.73647
,,,12157,42.668825,-74.30134
,,,12158,42.539822,-73.81545
,,,12159,42.646978,-73.87151
,,,12160,42.757815,-74.34369
,,,12161,42.521038,-73.851898
,,,12162,42.513906,-73.702443
,,,12164,43.515611,-74.37431
,,,12165,42.317959,-73.51802
,,,12166,42.831683,-74.45667
,,,12167,42.414519,-74.59577
,,,12168,42.552127,-73.39593
,,,12169,42.57612,-73.44559
,,,12170,42.975154,-73.66576
,,,12172,42.285749,-73.733532
,,,12173,42.377829,-73.75943
,,,12174,42.343986,-73.73477
,,,12175,42.559096,-74.55282
,,,12176,42.393192,-73.96763
,,,12177,42.95002,-74.296985
,,,12179,42.71144,-73.525561
,,,12180,42.731628,-73.66465
,,,12181,42.738678,-73.673862
,,,12182,42.785887,-73.66221
,,,12183,42.743289,-73.69482
,,,12184,42.426901,-73.66405
,,,12185,42.884779,-73.53703
,,,12186,42.638481,-73.95946
,,,12187,42.624507,-74.46772
,,,12188,42.80535,-73.68976
,,,12189,42.729278,-73.70913
,,,12190,43.43305,-74.2901
,,,12192,42.413742,-73.81773
,,,12193,42.515818,-74.04978
,,,12194,42.529042,-74.44937
,,,12195,42.479384,-73.474809
,,,12196,42.631625,-73.61619
,,,12197,42.610314,-74.72401
,,,12198,42.685311,-73.63801
,,,12201,42.614852,-73.970812
,,,12202,42.640129,-73.76061
,,,12203,42.678112,-73.82983
,,,12204,42.683727,-73.73329
,,,12205,42.713328,-73.8179
,,,12206,42.669645,-73.77719
,,,12207,42.653979,-73.74833
,,,12208,42.654978,-73.80053
,,,12209,42.640813,-73.7856
,,,12210,42.656679,-73.75894
,,,12211,42.705345,-73.76924
,,,12212,42.716774,-73.810373
,,,12214,42.614852,-73.970812
,,,12220,42.614852,-73.970812
,,,12222,42.692909,-73.838035
,,,12223,42.614852,-73.970812
,,,12224,42.614852,-73.970812
,,,12225,42.614852,-73.970812
,,,12226,42.614852,-73.970812
,,,12227,42.614852,-73.970812
,,,12228,42.614852,-73.970812
,,,12229,42.614852,-73.970812
,,,12230,42.614852,-73.970812
,,,12231,42.614852,-73.970812
,,,12232,42.614852,-73.970812
,,,12233,42.614852,-73.970812
,,,12234,42.614852,-73.970812
,,,12235,42.614852,-73.970812
,,,12236,42.614852,-73.970812
,,,12237,42.614852,-73.970812
,,,12238,42.614852,-73.970812
,,,12239,42.614852,-73.970812
,,,12240,42.614852,-73.970812
,,,12241,42.614852,-73.970812
,,,12242,42.614852,-73.970812
,,,12243,42.614852,-73.970812
,,,12244,42.614852,-73.970812
,,,12245,42.614852,-73.970812
,,,12246,42.647079,-73.750314
,,,12247,42.614852,-73.970812
,,,12248,42.614852,-73.970812
,,,12249,42.614852,-73.970812
,,,12250,42.614852,-73.970812
,,,12252,42.614852,-73.970812
,,,12255,42.614852,-73.970812
,,,12256,42.614852,-73.970812
,,,12257,42.614852,-73.970812
,,,12260,42.614852,-73.970812
,,,12261,42.614852,-73.970812
,,,12262,42.614852,-73.970812
,,,12288,42.614852,-73.970812
,,,12301,42.833261,-74.058015
,,,12302,42.862193,-73.96317
,,,12303,42.769009,-73.93619
,,,12304,42.779026,-73.90507
,,,12305,42.814476,-73.94337
,,,12306,42.793326,-73.98942
,,,12307,42.804076,-73.93571
,,,12308,42.820909,-73.92002
,,,12309,42.800276,-73.88096
,,,12325,42.833261,-74.058015
,,,12345,42.833261,-74.058015
,,,12401,41.932315,-74.02259
,,,12402,41.878801,-74.345684
,,,12404,41.811322,-74.23471
,,,12405,42.320081,-74.07288
,,,12406,42.130111,-74.57574
,,,12407,42.321453,-74.33926
,,,12409,42.061841,-74.16063
,,,12410,42.114646,-74.4557
,,,12411,41.87916,-74.03995
,,,12412,42.001351,-74.2619
,,,12413,42.307982,-74.008
,,,12414,42.223002,-73.90452
,,,12416,42.105611,-74.29143
,,,12417,41.907604,-73.989254
,,,12418,42.357579,-74.15136
,,,12419,41.852449,-74.10605
,,,12420,41.674288,-74.37833
,,,12421,42.249541,-74.54558
,,,12422,42.390291,-74.20164
,,,12423,42.378679,-74.10443
,,,12424,42.240343,-74.15932
,,,12427,42.167622,-74.15306
,,,12428,41.727588,-74.42061
,,,12429,41.816628,-73.97824
,,,12430,42.183262,-74.52154
,,,12431,42.361838,-74.02471
,,,12432,41.949795,-74.003246
,,,12433,42.000093,-74.15946
,,,12434,42.368009,-74.50137
,,,12435,41.725808,-74.52106
,,,12436,42.19551,-74.102319
,,,12438,42.183045,-74.925617
,,,12439,42.302596,-74.22711
,,,12440,41.801696,-74.14187
,,,12441,41.878801,-74.345684
,,,12442,42.222061,-74.23418
,,,12443,41.92674,-74.06797
,,,12444,42.260634,-74.27527
,,,12446,41.790385,-74.30413
,,,12447,42.039355,-74.067014
,,,12448,42.073259,-74.1893
,,,12449,41.993639,-73.99843
,,,12450,42.157937,-74.23034
,,,12451,42.281117,-73.94006
,,,12452,42.223407,-74.386635
,,,12453,42.098698,-73.935418
,,,12454,42.280261,-74.18349
,,,12455,42.151449,-74.64261
,,,12456,42.034256,-73.99876
,,,12457,42.038539,-74.23905
,,,12458,41.802898,-74.40025
,,,12459,42.227987,-74.68912
,,,12460,42.406464,-74.15692
,,,12461,41.912356,-74.24724
,,,12463,42.174411,-74.01599
,,,12464,42.081269,-74.32629
,,,12465,42.136293,-74.473639
,,,12466,41.905004,-73.97957
,,,12468,42.297725,-74.40063
,,,12469,42.442592,-74.24159
,,,12470,42.284773,-74.02388
,,,12471,41.83962,-74.04033
,,,12472,41.846938,-74.07602
,,,12473,42.260709,-74.03078
,,,12474,42.285644,-74.59011
,,,12475,42.017632,-74.007868
,,,12477,42.085634,-73.97685
,,,12480,42.142121,-74.4065
,,,12481,41.974857,-74.20686
,,,12482,42.270559,-73.95729
,,,12483,41.663895,-74.424533
,,,12484,41.850294,-74.16619
,,,12485,42.199479,-74.12514
,,,12486,41.831082,-74.07207
,,,12487,41.855761,-73.99207
,,,12489,41.757766,-74.35392
,,,12490,42.108689,-73.934577
,,,12491,41.998199,-74.10967
,,,12492,42.209414,-74.34767
,,,12493,41.805576,-73.96845
,,,12494,41.961316,-74.27687
,,,12495,42.080232,-74.24801
,,,12496,42.326918,-74.24657
,,,12498,42.037356,-74.11016
,,,12501,41.852959,-73.55727
,,,12502,42.086628,-73.6642
,,,12503,42.045941,-73.57792
,,,12504,42.035434,-73.909234
,,,12506,41.759905,-73.743714
,,,12507,42.005984,-73.92132
,,,12508,41.505993,-73.96198
,,,12509,41.643599,-73.847176
,,,12510,41.759905,-73.743714
,,,12511,41.759905,-73.743714
,,,12512,41.552793,-73.968183
,,,12513,42.220962,-73.71182
,,,12514,41.874183,-73.76727
,,,12515,41.681096,-74.06421
,,,12516,42.112895,-73.56201
,,,12517,42.144585,-73.51463
,,,12518,41.434476,-74.03584
,,,12520,41.442589,-74.01389
,,,12521,42.176216,-73.65036
,,,12522,41.738853,-73.58921
,,,12523,42.080964,-73.77856
,,,12524,41.537232,-73.8972
,,,12525,41.691524,-74.18764
,,,12526,42.123977,-73.86199
,,,12527,41.520249,-73.933259
,,,12528,41.713682,-73.9965
,,,12529,42.204681,-73.54775
,,,12530,42.210991,-73.687001
,,,12531,41.519085,-73.67241
,,,12533,41.573253,-73.79347
,,,12534,42.22948,-73.75846
,,,12537,41.582437,-73.936281
,,,12538,41.779541,-73.90155
,,,12540,41.656933,-73.74539
,,,12541,42.142068,-73.757399
,,,12542,41.603333,-73.98415
,,,12543,41.484988,-74.2161
,,,12544,42.259623,-73.667962
,,,12545,41.785109,-73.68075
,,,12546,41.961002,-73.52011
,,,12547,41.656805,-73.96831
,,,12548,41.664239,-74.1106
,,,12549,41.520396,-74.24712
,,,12550,41.521593,-74.04072
,,,12551,41.387822,-74.354699
,,,12552,41.387822,-74.354699
,,,12553,41.46359,-74.05975
,,,12555,41.387822,-74.354699
,,,12557,41.507368,-74.061301
,,,12561,41.751566,-74.09475
,,,12563,41.483689,-73.57293
,,,12564,41.570328,-73.59825
,,,12565,42.24862,-73.6476
,,,12566,41.61134,-74.32764
,,,12567,41.997807,-73.66663
,,,12568,41.641207,-74.07805
,,,12569,41.746469,-73.80414
,,,12570,41.614667,-73.67709
,,,12571,42.002691,-73.8442
,,,12572,41.930983,-73.88271
,,,12574,41.915068,-73.95173
,,,12575,41.478722,-74.15626
,,,12577,41.433856,-74.11963
,,,12578,41.803384,-73.78147
,,,12580,41.854465,-73.89922
,,,12581,41.89187,-73.69888
,,,12582,41.549525,-73.72745
,,,12583,42.060034,-73.88393
,,,12584,41.464073,-74.059104
,,,12585,41.721384,-73.7162
,,,12586,41.563701,-74.1755
,,,12588,41.878801,-74.345684
,,,12589,41.615036,-74.15461
,,,12590,41.59466,-73.89579
,,,12592,41.782781,-73.55792
,,,12593,42.243991,-73.641076
,,,12594,41.646584,-73.56209
,,,12601,41.701443,-73.91922
,,,12602,41.759905,-73.743714
,,,12603,41.67086,-73.88107
,,,12604,41.759905,-73.743714
,,,12697,44.776061,-74.596249
,,,12701,41.653071,-74.69748
,,,12710,41.818926,-74.521638
,,,12719,41.480326,-74.92694
,,,12720,41.66023,-74.90438
,,,12721,41.564426,-74.4265
,,,12722,41.719016,-74.755373
,,,12723,41.769427,-75.02808
,,,12724,41.858278,-74.95034
,,,12725,41.926119,-74.55675
,,,12726,41.694153,-74.97593
,,,12727,41.657225,-74.98161
,,,12729,41.475235,-74.60276
,,,12732,41.545318,-74.87533
,,,12733,41.732505,-74.60896
,,,12734,41.734913,-74.75013
,,,12736,41.848244,-75.03878
,,,12737,41.48397,-74.81186
,,,12738,41.648888,-74.57064
,,,12739,41.437427,-74.60322
,,,12740,41.85304,-74.52915
,,,12741,41.838672,-75.08718
,,,12742,41.720235,-74.72901
,,,12743,41.53481,-74.84656
,,,12745,41.762944,-75.030592
,,,12746,41.436732,-74.64558
,,,12747,41.752458,-74.66996
,,,12748,41.774223,-74.92211
,,,12749,41.6896,-74.8272
,,,12750,41.729581,-74.961146
,,,12751,41.679152,-74.657
,,,12752,41.677243,-74.99109
,,,12754,41.798476,-74.7361
,,,12755,44.842975,-73.973533
,,,12756,41.900542,-74.827587
,,,12758,41.920201,-74.7857
,,,12759,41.780299,-74.65618
,,,12760,41.901849,-75.10493
,,,12762,41.676676,-74.80674
,,,12763,41.690795,-74.52273
,,,12764,41.588604,-74.99385
,,,12765,41.845381,-74.61427
,,,12766,41.815316,-74.97995
,,,12767,41.719016,-74.755373
,,,12768,41.864326,-74.72961
,,,12769,41.651453,-74.436159
,,,12770,41.44515,-74.84003
,,,12771,41.374734,-74.66315
,,,12775,41.614218,-74.58836
,,,12776,41.94836,-74.94475
,,,12777,41.562141,-74.71252
,,,12778,41.65974,-74.812
,,,12779,41.705649,-74.62985
,,,12780,41.429425,-74.72244
,,,12781,41.719016,-74.755373
,,,12782,41.881485,-74.430063
,,,12783,41.736523,-74.82634
,,,12784,41.676139,-74.6217
,,,12785,41.518125,-74.57566
,,,12786,41.649008,-74.85751
,,,12787,41.80854,-74.84599
,,,12788,41.784477,-74.59109
,,,12789,41.708062,-74.5698
,,,12790,41.592087,-74.50677
,,,12791,41.807694,-74.87957
,,,12792,41.522825,-74.93164
,,,12793,41.736963,-74.797524
,,,12801,43.312104,-73.64825
,,,12803,43.288818,-73.63643
,,,12804,43.330471,-73.67816
,,,12805,43.246117,-73.455519
,,,12807,42.425733,-73.899871
,,,12808,43.758733,-73.76206
,,,12809,43.229054,-73.4674
,,,12810,43.484741,-73.89151
,,,12811,43.62422,-74.061201
,,,12812,43.865351,-74.43366
,,,12814,43.582318,-73.65515
,,,12815,43.703484,-73.71123
,,,12816,43.039226,-73.38557
,,,12817,43.638919,-73.81782
,,,12819,43.583211,-73.47852
,,,12820,43.47181,-73.639291
,,,12821,43.461692,-73.40197
,,,12822,43.248892,-73.85172
,,,12823,43.178983,-73.40767
,,,12824,43.50964,-73.69776
,,,12825,42.973468,-74.406393
,,,12827,43.414017,-73.50464
,,,12828,43.253125,-73.58549
,,,12830,43.12943,-73.712415
,,,12831,43.174566,-73.68848
,,,12832,43.376197,-73.31153
,,,12833,43.128878,-73.8555
,,,12834,43.095447,-73.50177
,,,12835,43.292593,-73.978
,,,12836,43.750773,-73.51881
,,,12837,43.500423,-73.26044
,,,12838,43.345875,-73.40651
,,,12839,43.316622,-73.5735
,,,12841,43.642332,-73.50948
,,,12842,43.761451,-74.26631
,,,12843,43.569961,-73.98345
,,,12844,43.495335,-73.62987
,,,12845,43.41928,-73.70766
,,,12846,43.329851,-73.82911
,,,12847,43.97643,-74.56669
,,,12848,43.100123,-73.524554
,,,12849,43.433107,-73.29152
,,,12850,43.092312,-73.97033
,,,12851,43.841369,-74.03747
,,,12852,43.972307,-74.15321
,,,12853,43.683067,-73.97457
,,,12854,43.452517,-73.34095
,,,12855,43.996303,-73.72147
,,,12856,43.722082,-74.10546
,,,12857,43.795443,-73.93994
,,,12858,43.888754,-73.65812
,,,12859,43.182144,-73.88689
,,,12860,43.719612,-73.81116
,,,12861,43.74531,-73.41569
,,,12862,43.675377,-73.932509
,,,12863,43.067531,-73.93002
,,,12864,43.667618,-74.456913
,,,12865,43.200351,-73.3526
,,,12866,43.080399,-73.77038
,,,12870,43.835376,-73.75802
,,,12871,43.088919,-73.59633
,,,12872,44.145678,-73.815204
,,,12873,43.11595,-73.31852
,,,12874,43.685475,-73.50767
,,,12877,43.618466,-73.354596
,,,12878,43.426652,-73.96174
,,,12879,44.145678,-73.815204
,,,12883,43.858226,-73.45414
,,,12884,43.088397,-73.591652
,,,12885,43.538744,-73.80527
,,,12886,43.638462,-73.91693
,,,12887,43.547822,-73.38318
,,,12901,44.693271,-73.46617
,,,12903,44.683468,-73.44639
,,,12910,44.879986,-73.65694
,,,12911,44.530527,-73.46734
,,,12912,44.466008,-73.73441
,,,12913,44.421547,-73.99256
,,,12914,44.927856,-74.60211
,,,12915,44.552725,-74.317958
,,,12916,44.830736,-74.51434
,,,12917,44.915973,-74.16565
,,,12918,44.692862,-73.66667
,,,12919,44.965887,-73.43636
,,,12920,44.901543,-74.06054
,,,12921,44.88821,-73.43225
,,,12922,44.224185,-74.76539
,,,12923,44.948894,-73.96545
,,,12924,44.706561,-73.744555
,,,12926,44.953782,-74.32809
,,,12927,44.220971,-74.85053
,,,12928,43.95037,-73.48357
,,,12929,44.847709,-73.582317
,,,12930,44.731571,-74.53485
,,,12932,44.212623,-73.59542
,,,12933,44.881962,-73.963279
,,,12934,44.865972,-73.89584
,,,12935,44.83218,-73.80001
,,,12936,44.259479,-73.40591
,,,12937,44.972087,-74.48703
,,,12938,41.773053,-73.856116
,,,12939,44.552725,-74.317958
,,,12941,44.3919,-73.73028
,,,12942,44.25462,-73.78934
,,,12943,44.171625,-73.78131
,,,12944,44.483465,-73.4801
,,,12945,44.360566,-74.25801
,,,12946,44.292147,-73.95985
,,,12949,44.746861,-74.660413
,,,12950,44.322102,-73.5404
,,,12952,44.715159,-73.91824
,,,12953,44.813419,-74.2772
,,,12955,44.787489,-73.98702
,,,12956,44.088275,-73.51745
,,,12957,44.833996,-74.5716
,,,12958,44.958106,-73.58022
,,,12959,44.951443,-73.68023
,,,12960,44.025573,-73.51287
,,,12961,44.061849,-73.58384
,,,12962,44.711769,-73.58219
,,,12964,44.129094,-73.64792
,,,12965,44.698253,-74.68843
,,,12966,44.812315,-74.40784
,,,12967,44.784144,-74.66213
,,,12969,44.711622,-74.09679
,,,12970,44.454639,-74.28753
,,,12972,44.563323,-73.52307
,,,12973,44.234289,-74.555957
,,,12974,44.041901,-73.46132
,,,12975,44.526437,-73.409243
,,,12976,44.552725,-74.317958
,,,12977,44.145678,-73.815204
,,,12978,44.664956,-73.761204
,,,12979,44.990606,-73.37017
,,,12980,44.63091,-74.53721
,,,12981,44.617642,-73.81196
,,,12983,44.324736,-74.16843
,,,12985,44.589583,-73.71355
,,,12986,44.220344,-74.46299
,,,12987,44.329473,-73.79282
,,,12989,44.519178,-74.06053
,,,12992,44.819829,-73.51156
,,,12993,44.195201,-73.47194
,,,12995,44.805681,-74.252254
,,,12996,44.373007,-73.40668
,,,12997,44.145678,-73.815204
,,,12998,44.08267,-73.530601
,,,13020,42.823968,-76.062425
,,,13021,42.922273,-76.55882
,,,13022,43.163364,-76.509567
,,,13024,43.163364,-76.509567
,,,13026,42.758088,-76.66998
,,,13027,43.165134,-76.33901
,,,13028,43.279405,-75.93107
,,,13029,43.225081,-76.13966
,,,13030,43.164297,-75.96057
,,,13031,43.039916,-76.28757
,,,13032,43.086439,-75.76484
,,,13033,43.182054,-76.57176
,,,13034,42.912846,-76.70818
,,,13035,42.938816,-75.83037
,,,13036,43.299689,-76.15144
,,,13037,43.059992,-75.87116
,,,13039,43.171707,-76.09505
,,,13040,42.560795,-75.93241
,,,13041,43.1835,-76.18002
,,,13042,43.252084,-75.84853
,,,13043,43.042044,-75.740848
,,,13044,43.28547,-76.00138
,,,13045,42.591109,-76.19217
,,,13051,42.870698,-75.91128
,,,13052,42.728977,-75.86633
,,,13053,42.483348,-76.27901
,,,13054,43.165514,-75.68091
,,,13056,42.677155,-76.105201
,,,13057,43.074266,-76.05538
,,,13060,43.025843,-76.42589
,,,13061,42.859332,-75.74261
,,,13062,42.484414,-76.38271
,,,13063,42.847248,-75.97818
,,,13064,43.431311,-76.200448
,,,13065,42.822662,-76.80197
,,,13066,43.028516,-76.00876
,,,13068,42.505075,-76.35283
,,,13069,43.32347,-76.40029
,,,13071,42.677418,-76.54154
,,,13072,42.763823,-75.75188
,,,13073,42.591961,-76.39345
,,,13074,43.317683,-76.56767
,,,13076,43.354706,-76.14871
,,,13077,42.680693,-76.18566
,,,13078,42.973991,-76.07493
,,,13080,43.07446,-76.47874
,,,13081,42.667102,-76.62939
,,,13082,43.099547,-75.9619
,,,13083,43.647881,-76.0167
,,,13084,42.883503,-76.10983
,,,13087,42.706981,-76.156103
,,,13088,43.105917,-76.19365
,,,13089,43.02143,-76.197701
,,,13090,43.152017,-76.22068
,,,13092,42.643214,-76.42578
,,,13093,43.431311,-76.200448
,,,13101,42.593363,-76.07789
,,,13102,42.554215,-76.292723
,,,13103,43.339851,-76.096357
,,,13104,42.987329,-75.96763
,,,13107,43.457798,-76.153442
,,,13108,42.979467,-76.33811
,,,13110,42.891595,-76.28318
,,,13111,43.258952,-76.61441
,,,13112,43.105771,-76.41482
,,,13113,43.089111,-76.621747
,,,13114,43.468092,-76.2382
,,,13115,43.397671,-76.482365
,,,13116,43.077067,-76.00695
,,,13117,43.002267,-76.704722
,,,13118,42.755698,-76.41226
,,,13119,42.97446,-76.440833
,,,13120,42.950501,-76.15797
,,,13121,43.483379,-76.315044
,,,13122,42.837642,-75.84778
,,,13123,43.236407,-75.776918
,,,13124,42.639288,-75.82012
,,,13126,43.449201,-76.47992
,,,13129,42.712735,-75.731391
,,,13131,43.415157,-76.11416
,,,13132,43.262012,-76.22912
,,,13133,42.216968,-75.724015
,,,13134,42.968619,-75.679351
,,,13135,43.235916,-76.31339
,,,13136,42.607076,-75.85216
,,,13137,43.157653,-76.44698
,,,13138,42.89274,-76.026459
,,,13139,42.742057,-76.628454
,,,13140,43.049797,-76.66055
,,,13141,42.7707,-76.18642
,,,13142,43.559926,-76.13619
,,,13143,43.235909,-76.71545
,,,13144,43.560754,-75.99069
,,,13145,43.653475,-76.13214
,,,13146,43.09986,-76.75716
,,,13147,42.774714,-76.57045
,,,13148,42.924166,-76.78366
,,,13149,42.718259,-76.149045
,,,13152,42.897167,-76.38963
,,,13153,42.991112,-76.451147
,,,13154,43.134425,-76.765591
,,,13155,42.662648,-75.76265
,,,13156,43.337718,-76.6729
,,,13157,43.209147,-75.72307
,,,13158,42.717801,-75.97209
,,,13159,42.802031,-76.12717
,,,13160,42.832007,-76.66641
,,,13162,43.18852,-75.712551
,,,13163,43.078461,-75.701639
,,,13164,43.088699,-76.31946
,,,13165,42.911377,-76.87027
,,,13166,43.056292,-76.5563
,,,13167,43.309645,-76.0552
,,,13201,43.02143,-76.197701
,,,13202,43.045066,-76.14994
,,,13203,43.061116,-76.13733
,,,13204,43.048966,-76.17536
,,,13205,43.010916,-76.14501
,,,13206,43.069866,-76.10724
,,,13207,43.020116,-76.16406
,,,13208,43.074566,-76.14747
,,,13209,43.081324,-76.23488
,,,13210,43.037166,-76.12653
,,,13211,43.098917,-76.13688
,,,13212,43.128534,-76.13931
,,,13214,43.038099,-76.07635
,,,13215,42.996804,-76.2177
,,,13217,43.02143,-76.197701
,,,13218,43.02143,-76.197701
,,,13219,43.041566,-76.22072
,,,13220,43.123415,-76.12823
,,,13221,43.02143,-76.197701
,,,13224,43.041866,-76.1032
,,,13225,43.02143,-76.197701
,,,13244,43.037716,-76.139646
,,,13250,43.02143,-76.197701
,,,13251,43.02143,-76.197701
,,,13252,43.050966,-76.156696
,,,13260,43.02143,-76.197701
,,,13261,43.02143,-76.197701
,,,13290,43.075066,-76.17411
,,,13301,43.419132,-75.21942
,,,13302,43.499843,-75.97716
,,,13303,43.368235,-75.4688
,,,13304,43.242724,-75.1659
,,,13305,43.818705,-75.480342
,,,13308,43.236303,-75.68087
,,,13309,43.484783,-75.33559
,,,13310,42.88821,-75.5688
,,,13312,43.689564,-75.27252
,,,13313,42.87896,-75.25569
,,,13314,42.832184,-75.32106
,,,13315,42.728271,-75.14144
,,,13316,43.377083,-75.74261
,,,13317,42.86749,-74.57435
,,,13318,42.937739,-75.24946
,,,13319,43.029669,-75.27211
,,,13320,42.772775,-74.7359
,,,13321,43.090027,-75.387088
,,,13322,42.969624,-75.22603
,,,13323,43.049536,-75.37656
,,,13324,43.317064,-74.97449
,,,13325,43.570028,-75.49047
,,,13326,42.703091,-74.91413
,,,13327,43.932489,-75.29084
,,,13328,42.9843,-75.4224
,,,13329,43.11545,-74.74379
,,,13331,43.822824,-74.87283
,,,13332,42.752447,-75.56997
,,,13333,42.843048,-74.80882
,,,13334,42.83917,-75.65482
,,,13335,42.694896,-75.24214
,,,13337,42.743186,-74.98164
,,,13338,43.506153,-75.07355
,,,13339,42.943602,-74.64717
,,,13340,43.046471,-75.10019
,,,13341,43.036802,-75.39115
,,,13342,42.64743,-75.17793
,,,13343,43.743932,-75.34971
,,,13345,43.818705,-75.480342
,,,13346,42.820826,-75.54012
,,,13348,42.708284,-75.0588
,,,13350,43.038149,-74.9846
,,,13352,43.328187,-75.117319
,,,13353,43.392434,-74.72675
,,,13354,43.261526,-75.25705
,,,13355,42.81488,-75.43424
,,,13357,42.992323,-75.0615
,,,13360,43.744906,-74.77476
,,,13361,42.902922,-74.89149
,,,13362,42.980334,-75.518569
,,,13363,43.311975,-75.50677
,,,13364,42.954541,-75.616793
,,,13365,43.053176,-74.84685
,,,13367,43.794492,-75.46905
,,,13368,43.637104,-75.3483
,,,13388,43.606444,-75.103186
,,,13396,42.839697,-75.544322
,,,13401,43.267243,-75.688223
,,,13402,42.90777,-75.4988
,,,13403,43.162119,-75.28435
,,,13404,43.818705,-75.480342
,,,13406,43.137624,-74.947
,,,13407,42.970099,-74.96051
,,,13408,42.923334,-75.66314
,,,13409,42.967906,-75.59457
,,,13410,42.937863,-74.611711
,,,13411,42.626177,-75.31502
,,,13413,43.067169,-75.28767
,,,13415,42.590419,-75.195695
,,,13416,43.178528,-74.98117
,,,13417,43.102469,-75.29566
,,,13418,42.852808,-75.39938
,,,13420,43.707331,-74.94498
,,,13421,43.079635,-75.64678
,,,13424,43.158258,-75.34281
,,,13425,42.964774,-75.47889
,,,13426,43.562757,-75.996773
,,,13428,42.923583,-74.55536
,,,13431,43.21574,-75.08534
,,,13433,43.580184,-75.31757
,,,13435,43.305156,-75.150183
,,,13436,43.807314,-74.66771
,,,13437,43.572876,-75.81709
,,,13438,43.349682,-75.15821
,,,13439,42.852372,-74.99121
,,,13440,43.217069,-75.45531
,,,13441,43.164312,-75.511301
,,,13442,43.239274,-75.47796
,,,13444,42.637549,-75.672508
,,,13449,43.239274,-75.47796
,,,13450,42.69983,-74.81731
,,,13452,43.021223,-74.64537
,,,13453,43.436919,-75.881404
,,,13454,43.222171,-74.80223
,,,13455,42.916235,-75.35448
,,,13456,43.005669,-75.26202
,,,13457,42.775805,-75.048502
,,,13459,42.774077,-74.58404
,,,13460,42.680051,-75.46547
,,,13461,43.070808,-75.59912
,,,13464,42.687757,-75.61558
,,,13465,42.954541,-75.616793
,,,13468,42.843002,-74.86479
,,,13469,43.220075,-75.29542
,,,13470,43.180412,-74.66524
,,,13471,43.346517,-75.60493
,,,13472,43.460951,-74.957099
,,,13473,43.654278,-75.43828
,,,13475,42.870799,-74.84542
,,,13476,43.079233,-75.5134
,,,13477,43.035057,-75.50381
,,,13478,43.141727,-75.57702
,,,13479,43.053769,-75.271559
,,,13480,42.922823,-75.36494
,,,13482,42.704333,-75.184913
,,,13483,43.399851,-75.82785
,,,13484,42.854631,-75.660462
,,,13485,42.766057,-75.32353
,,,13486,43.338878,-75.35861
,,,13488,42.680906,-74.76529
,,,13489,43.453661,-75.52172
,,,13490,43.106801,-75.41944
,,,13491,42.862696,-75.17053
,,,13492,43.11627,-75.31182
,,,13493,43.421597,-75.90529
,,,13494,43.524904,-75.142771
,,,13495,43.110619,-75.27716
,,,13501,43.087669,-75.22681
,,,13502,43.114519,-75.22284
,,,13503,43.101869,-75.231158
,,,13504,43.136033,-75.432486
,,,13505,43.087169,-75.260259
,,,13550,43.026416,-74.982271
,,,13562,44.465307,-75.230195
,,,13578,42.595426,-75.757217
,,,13599,43.239274,-75.47796
,,,13601,43.976735,-75.91199
,,,13602,44.03803,-75.75793
,,,13603,44.030204,-75.81845
,,,13605,43.807654,-76.04936
,,,13606,43.871728,-76.00793
,,,13607,44.328698,-75.93103
,,,13608,44.243007,-75.60331
,,,13610,43.818705,-75.480342
,,,13611,43.778046,-76.125914
,,,13612,44.003136,-75.77839
,,,13613,44.864624,-74.75386
,,,13614,44.54141,-75.70576
,,,13615,44.005613,-75.98315
,,,13616,44.030831,-75.85521
,,,13617,44.58249,-75.14417
,,,13618,44.114183,-76.29288
,,,13619,43.981245,-75.61724
,,,13620,43.90707,-75.44761
,,,13621,44.850439,-75.06915
,,,13622,44.0958,-76.11992
,,,13623,44.440171,-75.757938
,,,13624,44.230421,-76.09312
,,,13625,44.537321,-74.92847
,,,13626,43.859025,-75.72942
,,,13627,43.818705,-75.480342
,,,13628,43.885519,-75.798319
,,,13630,44.494708,-75.29944
,,,13631,43.818705,-75.480342
,,,13632,44.139501,-76.061552
,,,13633,44.469527,-75.50293
,,,13634,44.015332,-76.05711
,,,13635,44.314998,-75.26149
,,,13636,43.75965,-76.152508
,,,13637,44.091494,-75.82694
,,,13638,44.021094,-75.76113
,,,13639,44.268403,-75.13664
,,,13640,44.318866,-75.99068
,,,13641,44.207681,-75.914556
,,,13642,44.319897,-75.45537
,,,13643,44.014698,-75.728357
,,,13645,44.533125,-75.192865
,,,13646,44.444242,-75.69227
,,,13647,44.608735,-74.973218
,,,13648,44.168224,-75.29253
,,,13649,44.921678,-74.706763
,,,13650,43.82212,-76.2127
,,,13651,43.870842,-76.180886
,,,13652,44.436004,-75.22228
,,,13654,44.563604,-75.48794
,,,13655,44.98184,-74.67374
,,,13656,44.194126,-75.95725
,,,13657,44.035703,-76.090424
,,,13658,44.744462,-75.28123
,,,13659,43.743998,-75.89354
,,,13660,44.758378,-75.14571
,,,13661,43.714545,-76.10465
,,,13662,44.937212,-74.87693
,,,13664,44.585561,-75.64797
,,,13665,44.055436,-75.46279
,,,13666,44.533125,-75.192865
,,,13667,44.823502,-74.96875
,,,13668,44.752355,-74.98906
,,,13669,44.683636,-75.49024
,,,13670,44.210178,-75.0697
,,,13671,44.308475,-75.66879
,,,13672,44.4987,-74.74685
,,,13673,44.160785,-75.71159
,,,13674,43.73345,-76.054313
,,,13675,44.277365,-75.84263
,,,13676,44.651265,-74.95289
,,,13677,44.673438,-75.082041
,,,13678,44.828685,-74.979811
,,,13679,44.323952,-75.76895
,,,13680,44.593588,-75.32389
,,,13681,44.414762,-75.37897
,,,13682,43.842808,-75.90347
,,,13683,44.533125,-75.192865
,,,13684,44.353607,-75.0694
,,,13685,43.936173,-76.10295
,,,13687,44.501065,-74.86633
,,,13688,43.951666,-75.767772
,,,13690,44.161058,-74.99617
,,,13691,44.216969,-75.79671
,,,13692,44.289833,-76.02621
,,,13693,44.064999,-76.24023
,,,13694,44.866754,-75.17201
,,,13695,44.140791,-74.912493
,,,13696,44.69563,-74.89998
,,,13697,44.755383,-74.81213
,,,13698,43.775216,-76.202658
,,,13699,44.496564,-75.072951
,,,13730,42.232991,-75.53429
,,,13731,42.152105,-74.78184
,,,13732,42.059433,-76.14733
,,,13733,42.292692,-75.47528
,,,13734,42.063671,-76.40638
,,,13736,42.306877,-76.204
,,,13737,42.080494,-76.097288
,,,13738,42.567313,-76.123795
,,,13739,42.364673,-74.78034
,,,13740,42.274238,-74.75464
,,,13743,42.213965,-76.34099
,,,13744,42.250715,-75.91871
,,,13745,42.173775,-75.872839
,,,13746,42.261923,-75.84463
,,,13747,42.505122,-74.982056
,,,13748,42.0553,-75.81219
,,,13749,42.206745,-75.74488
,,,13750,42.473691,-74.8134
,,,13751,42.424859,-74.900195
,,,13752,42.187835,-74.89418
,,,13753,42.302716,-74.91667
,,,13754,42.076427,-75.44551
,,,13755,42.086268,-75.00691
,,,13756,42.018923,-75.11339
,,,13757,42.411895,-74.91372
,,,13758,42.583518,-75.721931
,,,13760,42.113974,-76.05256
,,,13761,42.206745,-75.74488
,,,13762,42.206745,-75.74488
,,,13763,42.206745,-75.74488
,,,13766,42.155346,-76.071767
,,,13774,41.965435,-75.17968
,,,13775,42.333285,-75.16086
,,,13776,42.457398,-75.33434
,,,13777,42.254154,-76.01194
,,,13778,42.336771,-75.75964
,,,13780,42.426583,-75.48119
,,,13782,42.18942,-74.99219
,,,13783,41.985839,-75.28214
,,,13784,42.431068,-76.159312
,,,13786,42.445257,-74.70189
,,,13787,42.197905,-75.65578
,,,13788,42.368357,-74.66452
,,,13790,42.125725,-75.96686
,,,13792,42.509167,-75.208242
,,,13794,42.402816,-76.036582
,,,13795,42.056312,-75.79275
,,,13796,42.540359,-75.14604
,,,13797,42.335102,-76.02313
,,,13801,42.504765,-75.77739
,,,13802,42.255624,-76.05009
,,,13803,42.453663,-76.06983
,,,13804,42.215297,-75.35815
,,,13806,42.183045,-74.925617
,,,13807,42.606209,-74.97261
,,,13808,42.532969,-75.25536
,,,13809,42.392104,-75.41093
,,,13810,42.609579,-75.09464
,,,13811,42.222777,-76.17822
,,,13812,42.024157,-76.36558
,,,13813,42.163814,-75.55149
,,,13814,42.603574,-75.528221
,,,13815,42.541733,-75.52612
,,,13820,42.469761,-75.05192
,,,13825,42.417489,-75.18605
,,,13826,42.112127,-75.639586
,,,13827,42.120274,-76.25874
,,,13830,42.428818,-75.62459
,,,13832,42.650584,-75.65761
,,,13833,42.185196,-75.7763
,,,13834,42.536475,-74.96218
,,,13835,42.396659,-76.15709
,,,13837,42.183045,-74.925617
,,,13838,42.304177,-75.39563
,,,13839,42.236762,-75.25901
,,,13840,42.039512,-76.400376
,,,13841,42.419896,-75.83772
,,,13842,42.376254,-74.72258
,,,13843,42.533274,-75.38008
,,,13844,42.603506,-75.67053
,,,13845,42.065842,-76.381946
,,,13846,42.344248,-75.05323
,,,13847,42.183045,-74.925617
,,,13848,42.214705,-75.727699
,,,13849,42.343576,-75.3146
,,,13850,42.075874,-76.02837
,,,13851,42.206745,-75.74488
,,,13856,42.182237,-75.14627
,,,13859,42.367765,-75.24718
,,,13860,42.183045,-74.925617
,,,13861,42.488953,-75.12063
,,,13862,42.328284,-75.95021
,,,13863,42.437964,-75.89884
,,,13864,42.298203,-76.38844
,,,13865,42.070228,-75.63584
,,,13901,42.142575,-75.88783
,,,13902,42.105375,-75.8876
,,,13903,42.077258,-75.90226
,,,13904,42.110927,-75.85223
,,,13905,42.121443,-75.93329
,,,13942,43.114669,-75.305811
,,,14001,43.024559,-78.50414
,,,14003,42.998052,-78.184813
,,,14004,42.898709,-78.51652
,,,14005,42.906765,-78.24581
,,,14006,42.633375,-79.04567
,,,14008,43.318768,-78.63328
,,,14009,42.582693,-78.40069
,,,14010,42.768413,-78.887094
,,,14011,42.844962,-78.27803
,,,14012,43.337798,-78.52955
,,,14013,43.074578,-78.40345
,,,14020,42.996507,-78.19279
,,,14021,42.998052,-78.184813
,,,14024,42.579516,-78.24818
,,,14025,42.627312,-78.73768
,,,14026,42.941025,-78.68548
,,,14027,42.57075,-79.030785
,,,14028,43.326155,-78.71564
,,,14029,42.474283,-78.247413
,,,14030,42.562386,-78.49087
,,,14031,42.981558,-78.61484
,,,14032,43.019908,-78.63497
,,,14033,42.655098,-78.68472
,,,14034,42.498791,-78.8835
,,,14035,42.49064,-78.849861
,,,14036,42.974083,-78.38961
,,,14037,42.814667,-78.46076
,,,14038,42.947259,-78.474444
,,,14039,42.829129,-78.17657
,,,14040,42.891116,-78.37872
,,,14041,42.408583,-78.984391
,,,14042,42.474779,-78.47303
,,,14043,42.904958,-78.7006
,,,14047,42.694598,-78.98151
,,,14048,42.479471,-79.32805
,,,14051,43.025217,-78.70394
,,,14052,42.770859,-78.59804
,,,14054,42.903676,-78.13481
,,,14055,42.554206,-78.61829
,,,14056,42.991173,-78.312171
,,,14057,42.651776,-78.87634
,,,14058,43.091886,-78.15151
,,,14059,42.834159,-78.64246
,,,14060,42.443406,-78.32302
,,,14061,42.594627,-79.08404
,,,14062,42.450845,-79.16528
,,,14063,42.425683,-79.3371
,,,14064,43.158013,-77.607049
,,,14065,42.483508,-78.30011
,,,14066,42.619549,-78.16153
,,,14067,43.20258,-78.56868
,,,14068,43.02534,-78.76241
,,,14069,42.601635,-78.64273
,,,14070,42.453234,-78.9348
,,,14072,43.011823,-78.95914
,,,14075,42.734051,-78.8413
,,,14080,42.640351,-78.53494
,,,14081,42.573552,-79.09002
,,,14082,42.661838,-78.38309
,,,14083,42.676913,-78.44075
,,,14085,42.718308,-78.9372
,,,14086,42.904258,-78.65519
,,,14091,42.535917,-78.88235
,,,14092,43.169055,-79.02426
,,,14094,43.160857,-78.68756
,,,14095,43.32684,-78.830681
,,,14098,43.338755,-78.3931
,,,14101,42.393206,-78.52655
,,,14102,42.838643,-78.55601
,,,14103,43.217155,-78.38746
,,,14105,43.199665,-78.48378
,,,14107,43.32684,-78.830681
,,,14108,43.264406,-78.72634
,,,14109,43.32684,-78.830681
,,,14110,42.768413,-78.887094
,,,14111,42.593148,-78.91498
,,,14112,42.691742,-78.992658
,,,14113,42.672162,-78.33745
,,,14120,43.048156,-78.86338
,,,14125,43.077433,-78.27816
,,,14126,43.330443,-78.726661
,,,14127,42.759917,-78.75294
,,,14129,42.469165,-79.01069
,,,14130,42.543108,-78.153849
,,,14131,43.237855,-78.90884
,,,14132,43.140056,-78.88297
,,,14133,42.489129,-78.366991
,,,14134,42.534854,-78.52113
,,,14135,42.488983,-79.238997
,,,14136,42.535276,-79.16539
,,,14138,42.372077,-79.05552
,,,14139,42.716919,-78.53931
,,,14140,42.807159,-78.667599
,,,14141,42.516248,-78.68944
,,,14143,42.977828,-78.07934
,,,14144,43.199494,-79.042477
,,,14145,42.720756,-78.43429
,,,14150,43.001907,-78.8631
,,,14151,42.768413,-78.887094
,,,14166,42.4511,-79.415421
,,,14167,42.750175,-78.32283
,,,14168,42.509271,-78.999471
,,,14169,42.767333,-78.585646
,,,14170,42.692304,-78.67147
,,,14171,42.426278,-78.6474
,,,14172,43.307288,-78.83368
,,,14173,42.524691,-78.475474
,,,14174,43.247054,-79.02562
,,,14201,42.896407,-78.88515
,,,14202,42.886357,-78.8779
,,,14203,42.880107,-78.8699
,,,14204,42.884008,-78.86152
,,,14205,42.768413,-78.887094
,,,14206,42.880105,-78.81049
,,,14207,42.94722,-78.89694
,,,14208,42.914307,-78.85072
,,,14209,42.913257,-78.86612
,,,14210,42.866708,-78.83139
,,,14211,42.907358,-78.82355
,,,14212,42.894758,-78.82303
,,,14213,42.916057,-78.8915
,,,14214,42.941407,-78.83741
,,,14215,42.934757,-78.8118
,,,14216,42.949707,-78.85923
,,,14217,42.968707,-78.8745
,,,14218,42.821008,-78.82448
,,,14219,42.790708,-78.82717
,,,14220,42.845758,-78.8187
,,,14221,42.977456,-78.73356
,,,14222,42.917657,-78.8779
,,,14223,42.972207,-78.84234
,,,14224,42.836858,-78.75557
,,,14225,42.929891,-78.75813
,,,14226,42.968057,-78.80047
,,,14227,42.881372,-78.74466
,,,14228,43.023347,-78.79494
,,,14231,42.768413,-78.887094
,,,14233,42.768413,-78.887094
,,,14240,42.768413,-78.887094
,,,14241,42.938258,-78.744053
,,,14260,42.768413,-78.887094
,,,14261,42.768413,-78.887094
,,,14263,42.768413,-78.887094
,,,14264,42.885568,-78.873479
,,,14265,42.768413,-78.887094
,,,14267,42.768413,-78.887094
,,,14269,42.768413,-78.887094
,,,14270,42.768413,-78.887094
,,,14272,42.768413,-78.887094
,,,14273,42.75495,-78.784908
,,,14276,42.768413,-78.887094
,,,14280,42.768413,-78.887094
,,,14301,43.096555,-79.03925
,,,14302,43.32684,-78.830681
,,,14303,43.086355,-79.03736
,,,14304,43.091106,-78.96249
,,,14305,43.115355,-79.03769
,,,14410,43.195261,-77.855883
,,,14411,43.244034,-78.2023
,,,14413,43.222735,-76.982149
,,,14414,42.899233,-77.73372
,,,14415,42.757486,-77.02311
,,,14416,43.067831,-77.99024
,,,14417,42.834813,-77.715406
,,,14418,42.605481,-77.20117
,,,14420,43.214261,-77.93937
,,,14422,43.079217,-78.06371
,,,14423,42.937589,-77.83528
,,,14424,42.85297,-77.29466
,,,14425,42.985007,-77.346
,,,14427,42.63529,-78.05135
,,,14428,43.079181,-77.87334
,,,14429,43.381027,-78.231338
,,,14430,43.286024,-77.684264
,,,14432,42.965372,-77.14416
,,,14433,43.07351,-76.87557
,,,14435,42.706781,-77.68103
,,,14437,42.576771,-77.71925
,,,14441,42.684588,-76.95775
,,,14443,42.900966,-77.42331
,,,14445,43.111663,-77.48709
,,,14449,43.235369,-77.137642
,,,14450,43.091714,-77.43483
,,,14452,43.381027,-78.231338
,,,14453,43.010908,-77.47054
,,,14454,42.798159,-77.77733
,,,14456,42.853039,-76.99394
,,,14458,42.855029,-77.668326
,,,14461,42.808127,-77.287611
,,,14462,42.681361,-77.75302
,,,14463,42.796578,-77.063876
,,,14464,43.319027,-77.91991
,,,14466,42.787276,-77.58983
,,,14467,43.048663,-77.60843
,,,14468,43.289787,-77.79548
,,,14469,42.868609,-77.4509
,,,14470,43.221689,-78.04393
,,,14471,42.762059,-77.50488
,,,14472,42.964593,-77.5919
,,,14475,42.933105,-77.49687
,,,14476,43.339304,-78.02581
,,,14477,43.341512,-78.14128
,,,14478,42.589281,-77.11824
,,,14479,43.241502,-78.318828
,,,14480,42.837786,-77.70625
,,,14481,42.780121,-77.91499
,,,14482,42.979887,-77.97053
,,,14484,42.558227,-78.047214
,,,14485,42.879208,-77.60183
,,,14486,42.915297,-77.949818
,,,14487,42.809908,-77.65301
,,,14488,42.729839,-77.773919
,,,14489,43.076715,-76.99231
,,,14502,43.08786,-77.33068
,,,14504,42.970621,-77.2298
,,,14505,43.160635,-77.16948
,,,14506,42.999201,-77.50263
,,,14507,42.702921,-77.27447
,,,14508,43.381027,-78.231338
,,,14510,42.692608,-77.87663
,,,14511,43.002612,-77.86458
,,,14512,42.628515,-77.39457
,,,14513,43.052126,-77.09424
,,,14514,43.122386,-77.80347
,,,14515,43.257819,-77.735079
,,,14516,43.197378,-76.91443
,,,14517,42.589984,-77.9075
,,,14518,42.931873,-77.011839
,,,14519,43.227921,-77.30097
,,,14520,43.348369,-77.045288
,,,14521,42.699637,-76.82964
,,,14522,43.063858,-77.2223
,,,14525,42.876222,-78.00056
,,,14526,43.145342,-77.45849
,,,14527,42.664079,-77.05664
,,,14529,42.535363,-77.628857
,,,14530,42.724075,-78.00361
,,,14532,42.964535,-77.02486
,,,14533,42.846509,-77.88795
,,,14534,43.071131,-77.51181
,,,14536,42.54523,-78.06929
,,,14537,43.033002,-77.157465
,,,14538,43.283582,-77.142027
,,,14539,42.834327,-77.877876
,,,14541,42.75147,-76.85353
,,,14542,43.144795,-76.860779
,,,14543,42.98723,-77.67433
,,,14544,42.75606,-77.24024
,,,14545,42.664904,-77.71275
,,,14546,43.030313,-77.7836
,,,14547,42.808127,-77.287611
,,,14548,42.97342,-77.2434
,,,14549,42.692874,-78.022364
,,,14550,42.669499,-78.09375
,,,14551,43.226024,-77.03599
,,,14555,43.269332,-76.9876
,,,14556,42.729839,-77.773919
,,,14557,43.041606,-78.057252
,,,14558,42.855409,-77.687643
,,,14559,43.189862,-77.81809
,,,14560,42.674773,-77.58341
,,,14561,42.815171,-77.1321
,,,14563,43.348369,-77.045288
,,,14564,42.980323,-77.42022
,,,14568,43.134783,-77.28515
,,,14569,42.739447,-78.15948
,,,14571,43.34653,-78.25412
,,,14572,42.569876,-77.57637
,,,14580,43.220991,-77.45364
,,,14585,42.901162,-77.54848
,,,14586,43.040271,-77.68215
,,,14588,42.683451,-76.872442
,,,14589,43.24816,-77.18498
,,,14590,43.234753,-76.8252
,,,14591,42.829405,-78.08887
,,,14592,42.875685,-77.883511
,,,14601,43.286024,-77.684264
,,,14602,43.286024,-77.684264
,,,14603,43.161613,-77.606774
,,,14604,43.156963,-77.60375
,,,14605,43.167563,-77.6012
,,,14606,43.168062,-77.68132
,,,14607,43.149863,-77.58962
,,,14608,43.155568,-77.62401
,,,14609,43.175113,-77.56272
,,,14610,43.142259,-77.54587
,,,14611,43.147563,-77.64162
,,,14612,43.256462,-77.66183
,,,14613,43.182163,-77.63794
,,,14614,43.155863,-77.61519
,,,14615,43.204695,-77.65194
,,,14616,43.232312,-77.64905
,,,14617,43.223213,-77.59721
,,,14618,43.116713,-77.55904
,,,14619,43.136363,-77.64685
,,,14620,43.132474,-77.60377
,,,14621,43.185163,-77.60368
,,,14622,43.21543,-77.55638
,,,14623,43.087613,-77.6352
,,,14624,43.127195,-77.72465
,,,14625,43.143663,-77.51114
,,,14626,43.214613,-77.70626
,,,14627,43.127513,-77.627674
,,,14638,43.286024,-77.684264
,,,14639,43.286024,-77.684264
,,,14642,43.286024,-77.684264
,,,14643,43.286024,-77.684264
,,,14644,43.286024,-77.684264
,,,14645,43.286024,-77.684264
,,,14646,43.286024,-77.684264
,,,14647,43.286024,-77.684264
,,,14649,43.286024,-77.684264
,,,14650,43.286024,-77.684264
,,,14651,43.286024,-77.684264
,,,14652,43.286024,-77.684264
,,,14653,43.286024,-77.684264
,,,14660,43.286024,-77.684264
,,,14664,43.286024,-77.684264
,,,14673,43.286024,-77.684264
,,,14683,43.286024,-77.684264
,,,14692,43.286024,-77.684264
,,,14694,43.286024,-77.684264
,,,14701,42.09179,-79.24459
,,,14702,42.081657,-79.294921
,,,14703,42.342529,-79.41091
,,,14704,42.342529,-79.41091
,,,14706,42.10143,-78.51587
,,,14707,42.073739,-78.059374
,,,14708,42.016108,-78.05768
,,,14709,42.339925,-77.99413
,,,14710,42.098227,-79.40865
,,,14711,42.319654,-78.13384
,,,14712,42.170787,-79.37689
,,,14714,42.279786,-78.23769
,,,14715,42.076186,-78.14489
,,,14716,42.390802,-79.43873
,,,14717,42.37074,-78.19335
,,,14718,42.343265,-79.30101
,,,14719,42.329183,-78.87436
,,,14720,42.105907,-79.27912
,,,14721,41.999435,-78.27257
,,,14722,42.187468,-79.450523
,,,14723,42.316386,-79.1364
,,,14724,42.066681,-79.66612
,,,14726,42.251075,-79.03785
,,,14727,42.213216,-78.28649
,,,14728,42.258967,-79.43348
,,,14729,42.382899,-78.72101
,,,14730,42.174736,-78.94734
,,,14731,42.286037,-78.65425
,,,14732,42.229098,-79.11347
,,,14733,42.128469,-79.19126
,,,14735,42.456047,-78.0973
,,,14736,42.130247,-79.74933
,,,14737,42.335628,-78.43114
,,,14738,42.0385,-79.07622
,,,14739,42.192384,-78.14308
,,,14740,42.230692,-79.17185
,,,14741,42.220602,-78.6337
,,,14742,42.120512,-79.30958
,,,14743,42.203691,-78.407
,,,14744,42.426885,-78.19509
,,,14745,42.4777,-78.140343
,,,14747,42.154315,-79.08905
,,,14748,42.130224,-78.64583
,,,14750,42.098657,-79.32439
,,,14751,42.298328,-79.006231
,,,14752,42.352416,-79.323502
,,,14753,42.035792,-78.61789
,,,14754,42.020028,-78.20368
,,,14755,42.249436,-78.80282
,,,14756,42.19815,-79.417353
,,,14757,42.226149,-79.48396
,,,14758,42.342529,-79.41091
,,,14760,42.076574,-78.42744
,,,14766,42.357543,-78.807283
,,,14767,42.043339,-79.51361
,,,14769,42.372864,-79.47523
,,,14770,42.047063,-78.30659
,,,14771,42.737181,-77.519784
,,,14772,42.160787,-78.95167
,,,14774,42.114385,-78.168055
,,,14775,42.254906,-79.69185
,,,14776,42.260012,-78.016139
,,,14777,42.385744,-78.23754
,,,14778,42.270112,-78.684684
,,,14779,42.168508,-78.7297
,,,14781,42.160982,-79.59738
,,,14782,42.265234,-79.26035
,,,14783,42.100539,-78.87967
,,,14784,42.326844,-79.3902
,,,14785,42.155693,-79.412233
,,,14786,42.12267,-78.221332
,,,14787,42.327029,-79.57301
,,,14788,42.062125,-78.377974
,,,14801,42.104389,-77.28857
,,,14802,42.255694,-77.78904
,,,14803,42.258793,-77.77793
,,,14804,42.321173,-77.82312
,,,14805,42.366682,-76.72562
,,,14806,42.157534,-77.79265
,,,14807,42.410387,-77.71394
,,,14808,42.560553,-77.47257
,,,14809,42.419988,-77.43392
,,,14810,42.351281,-77.3361
,,,14812,42.286649,-76.9766
,,,14813,42.238994,-78.01907
,,,14814,42.150834,-76.94805
,,,14815,42.383304,-77.08762
,,,14816,42.177039,-76.73437
,,,14817,42.368,-76.35407
,,,14818,42.444243,-76.83274
,,,14819,42.20928,-77.42796
,,,14820,42.192615,-77.35979
,,,14821,42.235058,-77.20491
,,,14822,42.442261,-77.84125
,,,14823,42.250187,-77.58406
,,,14824,42.265328,-76.71263
,,,14825,42.043018,-76.62459
,,,14826,42.484672,-77.49846
,,,14827,42.178527,-77.141357
,,,14830,42.140881,-77.04793
,,,14831,42.145265,-77.56683
,,,14836,42.523195,-77.93008
,,,14837,42.502293,-76.9997
,,,14838,42.177019,-76.66687
,,,14839,42.129806,-77.63705
,,,14840,42.453547,-77.18019
,,,14841,42.521501,-76.86246
,,,14842,42.595985,-76.94713
,,,14843,42.331062,-77.65536
,,,14844,42.160717,-76.878456
,,,14845,42.181584,-76.83639
,,,14846,42.542056,-77.99501
,,,14847,42.614518,-76.72405
,,,14850,42.449454,-76.49685
,,,14851,42.460721,-76.505435
,,,14852,42.445074,-76.467233
,,,14853,42.447373,-76.483703
,,,14854,42.50632,-76.608222
,,,14855,42.135945,-77.5078
,,,14856,42.374218,-77.364812
,,,14857,42.515233,-76.92063
,,,14858,42.03128,-77.13413
,,,14859,42.116615,-76.54806
,,,14860,42.590355,-76.84745
,,,14861,42.074742,-76.69317
,,,14863,42.451569,-76.706717
,,,14864,42.271938,-76.83926
,,,14865,42.352725,-76.84258
,,,14867,42.354851,-76.60338
,,,14869,42.341316,-76.77926
,,,14870,42.173481,-77.11844
,,,14871,42.048032,-76.90521
,,,14872,42.218224,-76.84694
,,,14873,42.525335,-77.29673
,,,14874,42.527075,-77.16963
,,,14876,42.429721,-76.925846
,,,14877,42.060154,-77.68455
,,,14878,42.451153,-76.93132
,,,14879,42.330602,-77.19305
,,,14880,42.170951,-77.97556
,,,14881,42.39534,-76.35211
,,,14882,42.564191,-76.54077
,,,14883,42.234865,-76.48643
,,,14884,42.473556,-77.89514
,,,14885,42.041973,-77.5632
,,,14886,42.51432,-76.6689
,,,14887,42.399371,-77.026768
,,,14889,42.212809,-76.58618
,,,14891,42.374828,-76.91606
,,,14892,42.023442,-76.53404
,,,14893,42.474143,-77.097713
,,,14894,42.01359,-76.75307
,,,14895,42.094855,-77.94686
,,,14897,42.034218,-77.79269
,,,14898,42.065376,-77.42392
,,,14901,42.091924,-76.79217
,,,14902,42.147285,-76.750888
,,,14903,42.129274,-76.84497
,,,14904,42.072024,-76.80393
,,,14905,42.087824,-76.83686
,,,14925,42.147285,-76.750888
