County Name,State FIPS,County Code,County FIPS,ZIP Code
Suffolk,36,103,36103,501,
Suffolk,36,103,36103,544,
Suffolk,36,103,36103,6390,
New York,36,61,36061,10001,
New York,36,61,36061,10002,
New York,36,61,36061,10003,
New York,36,61,36061,10004,
New York,36,61,36061,10005,
New York,36,61,36061,10006,
New York,36,61,36061,10007,
New York,36,61,36061,10008,
New York,36,61,36061,10009,
New York,36,61,36061,10010,
New York,36,61,36061,10011,
New York,36,61,36061,10012,
New York,36,61,36061,10013,
New York,36,61,36061,10014,
New York,36,61,36061,10016,
New York,36,61,36061,10017,
New York,36,61,36061,10018,
New York,36,61,36061,10019,
New York,36,61,36061,10020,
New York,36,61,36061,10021,
New York,36,61,36061,10022,
New York,36,61,36061,10023,
New York,36,61,36061,10024,
New York,36,61,36061,10025,
New York,36,61,36061,10026,
New York,36,61,36061,10027,
New York,36,61,36061,10028,
New York,36,61,36061,10029,
New York,36,61,36061,10030,
New York,36,61,36061,10031,
New York,36,61,36061,10032,
New York,36,61,36061,10033,
New York,36,61,36061,10034,
New York,36,61,36061,10035,
New York,36,61,36061,10036,
New York,36,61,36061,10037,
New York,36,61,36061,10038,
New York,36,61,36061,10039,
New York,36,61,36061,10040,
New York,36,61,36061,10041,
New York,36,61,36061,10043,
New York,36,61,36061,10044,
New York,36,61,36061,10045,
New York,36,61,36061,10047,
New York,36,61,36061,10048,
New York,36,61,36061,10055,
New York,36,61,36061,10065,
New York,36,61,36061,10069,
New York,36,61,36061,10072,
New York,36,61,36061,10075,
New York,36,61,36061,10080,
New York,36,61,36061,10081,
New York,36,61,36061,10082,
New York,36,61,36061,10087,
New York,36,61,36061,10101,
New York,36,61,36061,10102,
New York,36,61,36061,10103,
New York,36,61,36061,10104,
New York,36,61,36061,10105,
New York,36,61,36061,10106,
New York,36,61,36061,10107,
New York,36,61,36061,10108,
New York,36,61,36061,10109,
New York,36,61,36061,10110,
New York,36,61,36061,10111,
New York,36,61,36061,10112,
New York,36,61,36061,10113,
New York,36,61,36061,10114,
New York,36,61,36061,10115,
New York,36,61,36061,10116,
New York,36,61,36061,10117,
New York,36,61,36061,10118,
New York,36,61,36061,10119,
New York,36,61,36061,10120,
New York,36,61,36061,10121,
New York,36,61,36061,10122,
New York,36,61,36061,10123,
New York,36,61,36061,10124,
New York,36,61,36061,10125,
New York,36,61,36061,10126,
New York,36,61,36061,10128,
New York,36,61,36061,10129,
New York,36,61,36061,10130,
New York,36,61,36061,10131,
New York,36,61,36061,10132,
New York,36,61,36061,10133,
New York,36,61,36061,10138,
New York,36,61,36061,10149,
New York,36,61,36061,10150,
New York,36,61,36061,10151,
New York,36,61,36061,10152,
New York,36,61,36061,10153,
New York,36,61,36061,10154,
New York,36,61,36061,10155,
New York,36,61,36061,10156,
New York,36,61,36061,10157,
New York,36,61,36061,10158,
New York,36,61,36061,10159,
New York,36,61,36061,10160,
New York,36,61,36061,10161,
New York,36,61,36061,10162,
New York,36,61,36061,10163,
New York,36,61,36061,10164,
New York,36,61,36061,10165,
New York,36,61,36061,10166,
New York,36,61,36061,10167,
New York,36,61,36061,10168,
New York,36,61,36061,10169,
New York,36,61,36061,10170,
New York,36,61,36061,10171,
New York,36,61,36061,10172,
New York,36,61,36061,10173,
New York,36,61,36061,10174,
New York,36,61,36061,10175,
New York,36,61,36061,10176,
New York,36,61,36061,10177,
New York,36,61,36061,10178,
New York,36,61,36061,10179,
New York,36,61,36061,10185,
New York,36,61,36061,10197,
New York,36,61,36061,10199,
New York,36,61,36061,10213,
New York,36,61,36061,10242,
New York,36,61,36061,10249,
New York,36,61,36061,10256,
New York,36,61,36061,10259,
New York,36,61,36061,10260,
New York,36,61,36061,10261,
New York,36,61,36061,10265,
New York,36,61,36061,10268,
New York,36,61,36061,10269,
New York,36,61,36061,10270,
New York,36,61,36061,10271,
New York,36,61,36061,10272,
New York,36,61,36061,10273,
New York,36,61,36061,10274,
New York,36,61,36061,10275,
New York,36,61,36061,10276,
New York,36,61,36061,10277,
New York,36,61,36061,10278,
New York,36,61,36061,10279,
New York,36,61,36061,10280,
New York,36,61,36061,10281,
New York,36,61,36061,10282,
New York,36,61,36061,10285,
New York,36,61,36061,10286,
New York,36,61,36061,10292,
Richmond,36,85,36085,10301,
Richmond,36,85,36085,10302,
Richmond,36,85,36085,10303,
Richmond,36,85,36085,10304,
Richmond,36,85,36085,10305,
Richmond,36,85,36085,10306,
Richmond,36,85,36085,10307,
Richmond,36,85,36085,10308,
Richmond,36,85,36085,10309,
Richmond,36,85,36085,10310,
Richmond,36,85,36085,10311,
Richmond,36,85,36085,10312,
Richmond,36,85,36085,10313,
Richmond,36,85,36085,10314,
Bronx,36,5,36005,10451,
Bronx,36,5,36005,10452,
Bronx,36,5,36005,10453,
Bronx,36,5,36005,10454,
Bronx,36,5,36005,10455,
Bronx,36,5,36005,10456,
Bronx,36,5,36005,10457,
Bronx,36,5,36005,10458,
Bronx,36,5,36005,10459,
Bronx,36,5,36005,10460,
Bronx,36,5,36005,10461,
Bronx,36,5,36005,10462,
Bronx,36,5,36005,10463,
New York,36,61,36061,10463,
Bronx,36,5,36005,10464,
Bronx,36,5,36005,10465,
Bronx,36,5,36005,10466,
Bronx,36,5,36005,10467,
Bronx,36,5,36005,10468,
Bronx,36,5,36005,10469,
Westchester,36,119,36119,10470,
Bronx,36,5,36005,10470,
Bronx,36,5,36005,10471,
Bronx,36,5,36005,10472,
Bronx,36,5,36005,10473,
Bronx,36,5,36005,10474,
Bronx,36,5,36005,10475,
Bronx,36,5,36005,10499,
Westchester,36,119,36119,10501,
Westchester,36,119,36119,10502,
Westchester,36,119,36119,10503,
Westchester,36,119,36119,10504,
Westchester,36,119,36119,10505,
Westchester,36,119,36119,10506,
Westchester,36,119,36119,10507,
Putnam,36,79,36079,10509,
Westchester,36,119,36119,10509,
Westchester,36,119,36119,10510,
Westchester,36,119,36119,10511,
Putnam,36,79,36079,10512,
Westchester,36,119,36119,10514,
Putnam,36,79,36079,10516,
Dutchess,36,27,36027,10516,
Westchester,36,119,36119,10517,
Westchester,36,119,36119,10518,
Westchester,36,119,36119,10519,
Westchester,36,119,36119,10520,
Westchester,36,119,36119,10521,
Westchester,36,119,36119,10522,
Westchester,36,119,36119,10523,
Putnam,36,79,36079,10524,
Westchester,36,119,36119,10524,
Westchester,36,119,36119,10526,
Westchester,36,119,36119,10527,
Westchester,36,119,36119,10528,
Westchester,36,119,36119,10530,
Westchester,36,119,36119,10532,
Westchester,36,119,36119,10533,
Westchester,36,119,36119,10535,
Westchester,36,119,36119,10536,
Putnam,36,79,36079,10537,
Westchester,36,119,36119,10537,
Westchester,36,119,36119,10538,
Westchester,36,119,36119,10540,
Putnam,36,79,36079,10541,
Westchester,36,119,36119,10541,
Putnam,36,79,36079,10542,
Westchester,36,119,36119,10543,
Westchester,36,119,36119,10545,
Westchester,36,119,36119,10546,
Westchester,36,119,36119,10547,
Westchester,36,119,36119,10548,
Westchester,36,119,36119,10549,
Westchester,36,119,36119,10550,
Bronx,36,5,36005,10550,
Westchester,36,119,36119,10551,
Westchester,36,119,36119,10552,
Westchester,36,119,36119,10553,
Westchester,36,119,36119,10557,
Westchester,36,119,36119,10558,
Westchester,36,119,36119,10560,
Putnam,36,79,36079,10560,
Westchester,36,119,36119,10562,
Westchester,36,119,36119,10566,
Westchester,36,119,36119,10567,
Westchester,36,119,36119,10570,
Westchester,36,119,36119,10571,
Westchester,36,119,36119,10572,
Westchester,36,119,36119,10573,
Westchester,36,119,36119,10576,
Westchester,36,119,36119,10577,
Westchester,36,119,36119,10578,
Westchester,36,119,36119,10579,
Putnam,36,79,36079,10579,
Westchester,36,119,36119,10580,
Westchester,36,119,36119,10583,
Westchester,36,119,36119,10587,
Westchester,36,119,36119,10588,
Westchester,36,119,36119,10589,
Westchester,36,119,36119,10590,
Westchester,36,119,36119,10591,
Westchester,36,119,36119,10594,
Westchester,36,119,36119,10595,
Westchester,36,119,36119,10596,
Westchester,36,119,36119,10597,
Westchester,36,119,36119,10598,
Westchester,36,119,36119,10601,
Westchester,36,119,36119,10602,
Westchester,36,119,36119,10603,
Westchester,36,119,36119,10604,
Westchester,36,119,36119,10605,
Westchester,36,119,36119,10606,
Westchester,36,119,36119,10607,
Westchester,36,119,36119,10610,
Westchester,36,119,36119,10701,
Westchester,36,119,36119,10702,
Westchester,36,119,36119,10703,
Bronx,36,5,36005,10704,
Westchester,36,119,36119,10704,
Westchester,36,119,36119,10705,
Bronx,36,5,36005,10705,
Westchester,36,119,36119,10706,
Westchester,36,119,36119,10707,
Westchester,36,119,36119,10708,
Westchester,36,119,36119,10709,
Westchester,36,119,36119,10710,
Westchester,36,119,36119,10801,
Westchester,36,119,36119,10802,
Bronx,36,5,36005,10803,
Westchester,36,119,36119,10803,
Westchester,36,119,36119,10804,
Westchester,36,119,36119,10805,
Rockland,36,87,36087,10901,
Orange,36,71,36071,10910,
Rockland,36,87,36087,10911,
Orange,36,71,36071,10912,
Rockland,36,87,36087,10913,
Orange,36,71,36071,10914,
Orange,36,71,36071,10915,
Orange,36,71,36071,10916,
Orange,36,71,36071,10917,
Orange,36,71,36071,10918,
Orange,36,71,36071,10919,
Rockland,36,87,36087,10920,
Orange,36,71,36071,10921,
Orange,36,71,36071,10922,
Rockland,36,87,36087,10923,
Orange,36,71,36071,10924,
Orange,36,71,36071,10925,
Orange,36,71,36071,10926,
Rockland,36,87,36087,10927,
Orange,36,71,36071,10928,
Orange,36,71,36071,10930,
Rockland,36,87,36087,10931,
Orange,36,71,36071,10932,
Orange,36,71,36071,10933,
Orange,36,71,36071,10940,
Sullivan,36,105,36105,10940,
Orange,36,71,36071,10941,
Orange,36,71,36071,10943,
Orange,36,71,36071,10949,
Orange,36,71,36071,10950,
Rockland,36,87,36087,10952,
Orange,36,71,36071,10953,
Rockland,36,87,36087,10954,
Rockland,36,87,36087,10956,
Orange,36,71,36071,10958,
Orange,36,71,36071,10959,
Rockland,36,87,36087,10960,
Rockland,36,87,36087,10962,
Orange,36,71,36071,10963,
Rockland,36,87,36087,10964,
Rockland,36,87,36087,10965,
Rockland,36,87,36087,10968,
Orange,36,71,36071,10969,
Rockland,36,87,36087,10970,
Orange,36,71,36071,10973,
Rockland,36,87,36087,10974,
Orange,36,71,36071,10974,
Orange,36,71,36071,10975,
Rockland,36,87,36087,10976,
Rockland,36,87,36087,10977,
Orange,36,71,36071,10979,
Rockland,36,87,36087,10980,
Orange,36,71,36071,10981,
Rockland,36,87,36087,10982,
Rockland,36,87,36087,10983,
Rockland,36,87,36087,10984,
Orange,36,71,36071,10985,
Rockland,36,87,36087,10986,
Orange,36,71,36071,10987,
Rockland,36,87,36087,10987,
Orange,36,71,36071,10988,
Rockland,36,87,36087,10989,
Orange,36,71,36071,10990,
Orange,36,71,36071,10992,
Rockland,36,87,36087,10993,
Rockland,36,87,36087,10994,
Orange,36,71,36071,10996,
Orange,36,71,36071,10997,
Orange,36,71,36071,10998,
Nassau,36,59,36059,11001,
Queens,36,81,36081,11001,
Nassau,36,59,36059,11002,
Nassau,36,59,36059,11003,
Queens,36,81,36081,11004,
Queens,36,81,36081,11005,
Nassau,36,59,36059,11010,
Nassau,36,59,36059,11020,
Nassau,36,59,36059,11021,
Nassau,36,59,36059,11022,
Nassau,36,59,36059,11023,
Nassau,36,59,36059,11024,
Nassau,36,59,36059,11030,
Queens,36,81,36081,11040,
Nassau,36,59,36059,11040,
Nassau,36,59,36059,11041,
Nassau,36,59,36059,11042,
Nassau,36,59,36059,11050,
Nassau,36,59,36059,11051,
Nassau,36,59,36059,11052,
Nassau,36,59,36059,11053,
Nassau,36,59,36059,11054,
Nassau,36,59,36059,11055,
Nassau,36,59,36059,11096,
Queens,36,81,36081,11096,
Queens,36,81,36081,11101,
Queens,36,81,36081,11102,
Queens,36,81,36081,11103,
Queens,36,81,36081,11104,
Queens,36,81,36081,11105,
Queens,36,81,36081,11106,
Queens,36,81,36081,11109,
Kings,36,47,36047,11201,
New York,36,61,36061,11201,
Kings,36,47,36047,11202,
Kings,36,47,36047,11203,
Kings,36,47,36047,11204,
Kings,36,47,36047,11205,
Kings,36,47,36047,11206,
Kings,36,47,36047,11207,
Kings,36,47,36047,11208,
Kings,36,47,36047,11209,
Kings,36,47,36047,11210,
Kings,36,47,36047,11211,
Kings,36,47,36047,11212,
Kings,36,47,36047,11213,
Kings,36,47,36047,11214,
Kings,36,47,36047,11215,
Kings,36,47,36047,11216,
Kings,36,47,36047,11217,
Kings,36,47,36047,11218,
Kings,36,47,36047,11219,
Kings,36,47,36047,11220,
Kings,36,47,36047,11221,
Kings,36,47,36047,11222,
Kings,36,47,36047,11223,
Kings,36,47,36047,11224,
Kings,36,47,36047,11225,
Kings,36,47,36047,11226,
Kings,36,47,36047,11228,
Kings,36,47,36047,11229,
Kings,36,47,36047,11230,
Kings,36,47,36047,11231,
Kings,36,47,36047,11232,
Kings,36,47,36047,11233,
Kings,36,47,36047,11234,
Kings,36,47,36047,11235,
Kings,36,47,36047,11236,
Kings,36,47,36047,11237,
Kings,36,47,36047,11238,
Kings,36,47,36047,11239,
Queens,36,81,36081,11239,
Kings,36,47,36047,11241,
Kings,36,47,36047,11242,
Kings,36,47,36047,11243,
Kings,36,47,36047,11245,
Kings,36,47,36047,11247,
Kings,36,47,36047,11249,
Kings,36,47,36047,11251,
Kings,36,47,36047,11252,
Kings,36,47,36047,11256,
Queens,36,81,36081,11351,
Queens,36,81,36081,11352,
Queens,36,81,36081,11354,
Queens,36,81,36081,11355,
Queens,36,81,36081,11356,
Queens,36,81,36081,11357,
Queens,36,81,36081,11358,
Queens,36,81,36081,11359,
Queens,36,81,36081,11360,
Queens,36,81,36081,11361,
Queens,36,81,36081,11362,
Queens,36,81,36081,11363,
Queens,36,81,36081,11364,
Queens,36,81,36081,11365,
Queens,36,81,36081,11366,
Queens,36,81,36081,11367,
Queens,36,81,36081,11368,
Queens,36,81,36081,11369,
Queens,36,81,36081,11370,
Queens,36,81,36081,11371,
Queens,36,81,36081,11372,
Queens,36,81,36081,11373,
Queens,36,81,36081,11374,
Queens,36,81,36081,11375,
Queens,36,81,36081,11377,
Queens,36,81,36081,11378,
Queens,36,81,36081,11379,
Queens,36,81,36081,11380,
Queens,36,81,36081,11381,
Queens,36,81,36081,11385,
Queens,36,81,36081,11386,
Queens,36,81,36081,11405,
Queens,36,81,36081,11411,
Queens,36,81,36081,11412,
Queens,36,81,36081,11413,
Queens,36,81,36081,11414,
Queens,36,81,36081,11415,
Queens,36,81,36081,11416,
Queens,36,81,36081,11417,
Queens,36,81,36081,11418,
Queens,36,81,36081,11419,
Queens,36,81,36081,11420,
Queens,36,81,36081,11421,
Queens,36,81,36081,11422,
Queens,36,81,36081,11423,
Queens,36,81,36081,11424,
Queens,36,81,36081,11425,
Queens,36,81,36081,11426,
Queens,36,81,36081,11427,
Queens,36,81,36081,11428,
Queens,36,81,36081,11429,
Queens,36,81,36081,11430,
Queens,36,81,36081,11431,
Queens,36,81,36081,11432,
Queens,36,81,36081,11433,
Queens,36,81,36081,11434,
Queens,36,81,36081,11435,
Queens,36,81,36081,11436,
Queens,36,81,36081,11439,
Queens,36,81,36081,11451,
Queens,36,81,36081,11499,
Nassau,36,59,36059,11501,
Nassau,36,59,36059,11507,
Nassau,36,59,36059,11509,
Nassau,36,59,36059,11510,
Nassau,36,59,36059,11514,
Nassau,36,59,36059,11516,
Nassau,36,59,36059,11518,
Nassau,36,59,36059,11520,
Nassau,36,59,36059,11530,
Nassau,36,59,36059,11531,
Nassau,36,59,36059,11535,
Nassau,36,59,36059,11536,
Nassau,36,59,36059,11542,
Nassau,36,59,36059,11545,
Nassau,36,59,36059,11547,
Nassau,36,59,36059,11548,
Nassau,36,59,36059,11549,
Nassau,36,59,36059,11550,
Nassau,36,59,36059,11551,
Nassau,36,59,36059,11552,
Nassau,36,59,36059,11553,
Nassau,36,59,36059,11554,
Nassau,36,59,36059,11555,
Nassau,36,59,36059,11556,
Nassau,36,59,36059,11557,
Nassau,36,59,36059,11558,
Queens,36,81,36081,11559,
Nassau,36,59,36059,11559,
Nassau,36,59,36059,11560,
Nassau,36,59,36059,11561,
Nassau,36,59,36059,11563,
Nassau,36,59,36059,11565,
Nassau,36,59,36059,11566,
Nassau,36,59,36059,11568,
Nassau,36,59,36059,11569,
Nassau,36,59,36059,11570,
Nassau,36,59,36059,11571,
Nassau,36,59,36059,11572,
Nassau,36,59,36059,11575,
Nassau,36,59,36059,11576,
Nassau,36,59,36059,11577,
Nassau,36,59,36059,11579,
Nassau,36,59,36059,11580,
Queens,36,81,36081,11580,
Nassau,36,59,36059,11581,
Nassau,36,59,36059,11582,
Nassau,36,59,36059,11590,
Nassau,36,59,36059,11592,
Nassau,36,59,36059,11594,
Nassau,36,59,36059,11595,
Nassau,36,59,36059,11596,
Nassau,36,59,36059,11597,
Nassau,36,59,36059,11598,
Nassau,36,59,36059,11599,
Queens,36,81,36081,11690,
Queens,36,81,36081,11691,
Queens,36,81,36081,11692,
Queens,36,81,36081,11693,
Kings,36,47,36047,11693,
Queens,36,81,36081,11694,
Queens,36,81,36081,11695,
Queens,36,81,36081,11697,
Suffolk,36,103,36103,11701,
Nassau,36,59,36059,11701,
Suffolk,36,103,36103,11702,
Nassau,36,59,36059,11702,
Suffolk,36,103,36103,11703,
Suffolk,36,103,36103,11704,
Suffolk,36,103,36103,11705,
Suffolk,36,103,36103,11706,
Suffolk,36,103,36103,11707,
Suffolk,36,103,36103,11708,
Nassau,36,59,36059,11709,
Nassau,36,59,36059,11710,
Suffolk,36,103,36103,11713,
Nassau,36,59,36059,11714,
Suffolk,36,103,36103,11715,
Suffolk,36,103,36103,11716,
Suffolk,36,103,36103,11717,
Suffolk,36,103,36103,11718,
Suffolk,36,103,36103,11719,
Suffolk,36,103,36103,11720,
Suffolk,36,103,36103,11721,
Suffolk,36,103,36103,11722,
Nassau,36,59,36059,11724,
Suffolk,36,103,36103,11724,
Suffolk,36,103,36103,11725,
Suffolk,36,103,36103,11726,
Suffolk,36,103,36103,11727,
Suffolk,36,103,36103,11729,
Suffolk,36,103,36103,11730,
Suffolk,36,103,36103,11731,
Nassau,36,59,36059,11732,
Suffolk,36,103,36103,11733,
Nassau,36,59,36059,11735,
Suffolk,36,103,36103,11735,
Nassau,36,59,36059,11736,
Suffolk,36,103,36103,11737,
Suffolk,36,103,36103,11738,
Suffolk,36,103,36103,11739,
Suffolk,36,103,36103,11740,
Suffolk,36,103,36103,11741,
Suffolk,36,103,36103,11742,
Nassau,36,59,36059,11743,
Suffolk,36,103,36103,11743,
Suffolk,36,103,36103,11746,
Suffolk,36,103,36103,11747,
Suffolk,36,103,36103,11749,
Suffolk,36,103,36103,11750,
Suffolk,36,103,36103,11751,
Suffolk,36,103,36103,11752,
Nassau,36,59,36059,11753,
Suffolk,36,103,36103,11754,
Suffolk,36,103,36103,11755,
Nassau,36,59,36059,11756,
Suffolk,36,103,36103,11757,
Suffolk,36,103,36103,11758,
Nassau,36,59,36059,11758,
Suffolk,36,103,36103,11760,
Nassau,36,59,36059,11762,
Suffolk,36,103,36103,11763,
Suffolk,36,103,36103,11764,
Nassau,36,59,36059,11765,
Suffolk,36,103,36103,11766,
Suffolk,36,103,36103,11767,
Suffolk,36,103,36103,11768,
Suffolk,36,103,36103,11769,
Suffolk,36,103,36103,11770,
Nassau,36,59,36059,11771,
Suffolk,36,103,36103,11772,
Nassau,36,59,36059,11773,
Nassau,36,59,36059,11774,
Suffolk,36,103,36103,11775,
Suffolk,36,103,36103,11776,
Suffolk,36,103,36103,11777,
Suffolk,36,103,36103,11778,
Suffolk,36,103,36103,11779,
Suffolk,36,103,36103,11780,
Suffolk,36,103,36103,11782,
Nassau,36,59,36059,11783,
Suffolk,36,103,36103,11784,
Suffolk,36,103,36103,11786,
Suffolk,36,103,36103,11787,
Suffolk,36,103,36103,11788,
Suffolk,36,103,36103,11789,
Suffolk,36,103,36103,11790,
Nassau,36,59,36059,11791,
Suffolk,36,103,36103,11792,
Nassau,36,59,36059,11793,
Suffolk,36,103,36103,11794,
Suffolk,36,103,36103,11795,
Suffolk,36,103,36103,11796,
Nassau,36,59,36059,11797,
Suffolk,36,103,36103,11798,
Nassau,36,59,36059,11801,
Nassau,36,59,36059,11802,
Nassau,36,59,36059,11803,
Nassau,36,59,36059,11804,
Nassau,36,59,36059,11815,
Nassau,36,59,36059,11854,
Nassau,36,59,36059,11855,
Suffolk,36,103,36103,11901,
Suffolk,36,103,36103,11930,
Suffolk,36,103,36103,11931,
Suffolk,36,103,36103,11932,
Suffolk,36,103,36103,11933,
Suffolk,36,103,36103,11934,
Suffolk,36,103,36103,11935,
Suffolk,36,103,36103,11937,
Suffolk,36,103,36103,11939,
Suffolk,36,103,36103,11940,
Suffolk,36,103,36103,11941,
Suffolk,36,103,36103,11942,
Suffolk,36,103,36103,11944,
Suffolk,36,103,36103,11946,
Suffolk,36,103,36103,11947,
Suffolk,36,103,36103,11948,
Suffolk,36,103,36103,11949,
Suffolk,36,103,36103,11950,
Suffolk,36,103,36103,11951,
Suffolk,36,103,36103,11952,
Suffolk,36,103,36103,11953,
Suffolk,36,103,36103,11954,
Suffolk,36,103,36103,11955,
Suffolk,36,103,36103,11956,
Suffolk,36,103,36103,11957,
Suffolk,36,103,36103,11958,
Suffolk,36,103,36103,11959,
Suffolk,36,103,36103,11960,
Suffolk,36,103,36103,11961,
Suffolk,36,103,36103,11962,
Suffolk,36,103,36103,11963,
Suffolk,36,103,36103,11964,
Suffolk,36,103,36103,11965,
Suffolk,36,103,36103,11967,
Suffolk,36,103,36103,11968,
Suffolk,36,103,36103,11969,
Suffolk,36,103,36103,11970,
Suffolk,36,103,36103,11971,
Suffolk,36,103,36103,11972,
Suffolk,36,103,36103,11973,
Suffolk,36,103,36103,11975,
Suffolk,36,103,36103,11976,
Suffolk,36,103,36103,11977,
Suffolk,36,103,36103,11978,
Suffolk,36,103,36103,11980,
Albany,36,1,36001,12007,
Schenectady,36,93,36093,12008,
Albany,36,1,36001,12009,
Schenectady,36,93,36093,12009,
Saratoga,36,91,36091,12010,
Fulton,36,35,36035,12010,
Montgomery,36,57,36057,12010,
Greene,36,39,36039,12015,
Montgomery,36,57,36057,12016,
Columbia,36,21,36021,12017,
Rensselaer,36,83,36083,12018,
Schenectady,36,93,36093,12019,
Saratoga,36,91,36091,12019,
Saratoga,36,91,36091,12020,
Rensselaer,36,83,36083,12022,
Albany,36,1,36001,12023,
Schoharie,36,95,36095,12023,
Columbia,36,21,36021,12024,
Fulton,36,35,36035,12025,
Saratoga,36,91,36091,12025,
Schenectady,36,93,36093,12027,
Saratoga,36,91,36091,12027,
Rensselaer,36,83,36083,12028,
Washington,36,115,36115,12028,
Columbia,36,21,36021,12029,
Schoharie,36,95,36095,12031,
Fulton,36,35,36035,12032,
Hamilton,36,41,36041,12032,
Rensselaer,36,83,36083,12033,
Schoharie,36,95,36095,12035,
Otsego,36,77,36077,12036,
Schoharie,36,95,36095,12036,
Columbia,36,21,36021,12037,
Rensselaer,36,83,36083,12040,
Albany,36,1,36001,12041,
Greene,36,39,36039,12042,
Otsego,36,77,36077,12043,
Schoharie,36,95,36095,12043,
Albany,36,1,36001,12045,
Albany,36,1,36001,12046,
Greene,36,39,36039,12046,
Albany,36,1,36001,12047,
Columbia,36,21,36021,12050,
Greene,36,39,36039,12051,
Rensselaer,36,83,36083,12052,
Albany,36,1,36001,12053,
Schoharie,36,95,36095,12053,
Schenectady,36,93,36093,12053,
Albany,36,1,36001,12054,
Albany,36,1,36001,12055,
Schenectady,36,93,36093,12056,
Washington,36,115,36115,12057,
Rensselaer,36,83,36083,12057,
Greene,36,39,36039,12058,
Albany,36,1,36001,12059,
Columbia,36,21,36021,12060,
Rensselaer,36,83,36083,12061,
Columbia,36,21,36021,12062,
Rensselaer,36,83,36083,12062,
Rensselaer,36,83,36083,12063,
Otsego,36,77,36077,12064,
Schoharie,36,95,36095,12064,
Saratoga,36,91,36091,12065,
Schoharie,36,95,36095,12066,
Montgomery,36,57,36057,12066,
Schenectady,36,93,36093,12066,
Albany,36,1,36001,12067,
Fulton,36,35,36035,12068,
Montgomery,36,57,36057,12068,
Montgomery,36,57,36057,12069,
Montgomery,36,57,36057,12070,
Fulton,36,35,36035,12070,
Schoharie,36,95,36095,12071,
Montgomery,36,57,36057,12072,
Schoharie,36,95,36095,12073,
Saratoga,36,91,36091,12074,
Columbia,36,21,36021,12075,
Schoharie,36,95,36095,12076,
Albany,36,1,36001,12077,
Fulton,36,35,36035,12078,
Rensselaer,36,83,36083,12082,
Albany,36,1,36001,12083,
Greene,36,39,36039,12083,
Albany,36,1,36001,12084,
Albany,36,1,36001,12085,
Montgomery,36,57,36057,12086,
Fulton,36,35,36035,12086,
Saratoga,36,91,36091,12086,
Albany,36,1,36001,12087,
Greene,36,39,36039,12087,
Rensselaer,36,83,36083,12089,
Rensselaer,36,83,36083,12090,
Schoharie,36,95,36095,12092,
Schoharie,36,95,36095,12093,
Delaware,36,25,36025,12093,
Rensselaer,36,83,36083,12094,
Fulton,36,35,36035,12095,
Montgomery,36,57,36057,12095,
Columbia,36,21,36021,12106,
Albany,36,1,36001,12107,
Hamilton,36,41,36041,12108,
Albany,36,1,36001,12110,
Columbia,36,21,36021,12115,
Otsego,36,77,36077,12116,
Fulton,36,35,36035,12117,
Rensselaer,36,83,36083,12118,
Saratoga,36,91,36091,12118,
Albany,36,1,36001,12120,
Rensselaer,36,83,36083,12121,
Schoharie,36,95,36095,12122,
Albany,36,1,36001,12122,
Rensselaer,36,83,36083,12123,
Columbia,36,21,36021,12123,
Greene,36,39,36039,12124,
Columbia,36,21,36021,12125,
Albany,36,1,36001,12128,
Columbia,36,21,36021,12130,
Schoharie,36,95,36095,12131,
Columbia,36,21,36021,12132,
Rensselaer,36,83,36083,12133,
Fulton,36,35,36035,12134,
Hamilton,36,41,36041,12134,
Saratoga,36,91,36091,12134,
Columbia,36,21,36021,12136,
Montgomery,36,57,36057,12137,
Schenectady,36,93,36093,12137,
Rensselaer,36,83,36083,12138,
Hamilton,36,41,36041,12139,
Rensselaer,36,83,36083,12140,
Schenectady,36,93,36093,12141,
Greene,36,39,36039,12143,
Albany,36,1,36001,12143,
Rensselaer,36,83,36083,12144,
Albany,36,1,36001,12147,
Saratoga,36,91,36091,12148,
Otsego,36,77,36077,12149,
Schoharie,36,95,36095,12149,
Schenectady,36,93,36093,12150,
Saratoga,36,91,36091,12151,
Rensselaer,36,83,36083,12153,
Rensselaer,36,83,36083,12154,
Washington,36,115,36115,12154,
Delaware,36,25,36025,12155,
Otsego,36,77,36077,12155,
Rensselaer,36,83,36083,12156,
Columbia,36,21,36021,12156,
Schenectady,36,93,36093,12157,
Schoharie,36,95,36095,12157,
Albany,36,1,36001,12157,
Albany,36,1,36001,12158,
Albany,36,1,36001,12159,
Montgomery,36,57,36057,12160,
Schoharie,36,95,36095,12160,
Albany,36,1,36001,12161,
Hamilton,36,41,36041,12164,
Columbia,36,21,36021,12165,
Schoharie,36,95,36095,12166,
Montgomery,36,57,36057,12166,
Schoharie,36,95,36095,12167,
Delaware,36,25,36025,12167,
Rensselaer,36,83,36083,12168,
Columbia,36,21,36021,12168,
Rensselaer,36,83,36083,12169,
Saratoga,36,91,36091,12170,
Columbia,36,21,36021,12172,
Columbia,36,21,36021,12173,
Columbia,36,21,36021,12174,
Schoharie,36,95,36095,12175,
Greene,36,39,36039,12176,
Montgomery,36,57,36057,12177,
Rensselaer,36,83,36083,12180,
Rensselaer,36,83,36083,12181,
Rensselaer,36,83,36083,12182,
Albany,36,1,36001,12183,
Rensselaer,36,83,36083,12184,
Columbia,36,21,36021,12184,
Washington,36,115,36115,12185,
Rensselaer,36,83,36083,12185,
Albany,36,1,36001,12186,
Schoharie,36,95,36095,12187,
Saratoga,36,91,36091,12188,
Albany,36,1,36001,12189,
Hamilton,36,41,36041,12190,
Greene,36,39,36039,12192,
Albany,36,1,36001,12193,
Schoharie,36,95,36095,12194,
Columbia,36,21,36021,12195,
Rensselaer,36,83,36083,12196,
Otsego,36,77,36077,12197,
Rensselaer,36,83,36083,12198,
Albany,36,1,36001,12201,
Albany,36,1,36001,12202,
Albany,36,1,36001,12203,
Albany,36,1,36001,12204,
Albany,36,1,36001,12205,
Albany,36,1,36001,12206,
Albany,36,1,36001,12207,
Albany,36,1,36001,12208,
Albany,36,1,36001,12209,
Albany,36,1,36001,12210,
Albany,36,1,36001,12211,
Albany,36,1,36001,12212,
Albany,36,1,36001,12220,
Albany,36,1,36001,12222,
Albany,36,1,36001,12223,
Albany,36,1,36001,12224,
Albany,36,1,36001,12226,
Albany,36,1,36001,12227,
Albany,36,1,36001,12228,
Albany,36,1,36001,12229,
Albany,36,1,36001,12230,
Albany,36,1,36001,12231,
Albany,36,1,36001,12232,
Albany,36,1,36001,12233,
Albany,36,1,36001,12234,
Albany,36,1,36001,12235,
Albany,36,1,36001,12236,
Albany,36,1,36001,12237,
Albany,36,1,36001,12238,
Albany,36,1,36001,12239,
Albany,36,1,36001,12240,
Albany,36,1,36001,12241,
Albany,36,1,36001,12242,
Albany,36,1,36001,12243,
Albany,36,1,36001,12244,
Albany,36,1,36001,12245,
Albany,36,1,36001,12246,
Albany,36,1,36001,12247,
Albany,36,1,36001,12248,
Albany,36,1,36001,12249,
Albany,36,1,36001,12250,
Albany,36,1,36001,12252,
Albany,36,1,36001,12255,
Albany,36,1,36001,12256,
Albany,36,1,36001,12257,
Albany,36,1,36001,12260,
Albany,36,1,36001,12261,
Albany,36,1,36001,12288,
Schenectady,36,93,36093,12301,
Saratoga,36,91,36091,12302,
Schenectady,36,93,36093,12302,
Schenectady,36,93,36093,12303,
Albany,36,1,36001,12303,
Albany,36,1,36001,12304,
Schenectady,36,93,36093,12304,
Schenectady,36,93,36093,12305,
Albany,36,1,36001,12306,
Schenectady,36,93,36093,12306,
Schenectady,36,93,36093,12307,
Schenectady,36,93,36093,12308,
Albany,36,1,36001,12309,
Schenectady,36,93,36093,12309,
Schenectady,36,93,36093,12325,
Schenectady,36,93,36093,12345,
Ulster,36,111,36111,12401,
Ulster,36,111,36111,12402,
Ulster,36,111,36111,12404,
Greene,36,39,36039,12405,
Ulster,36,111,36111,12406,
Delaware,36,25,36025,12406,
Greene,36,39,36039,12407,
Ulster,36,111,36111,12409,
Ulster,36,111,36111,12410,
Ulster,36,111,36111,12411,
Ulster,36,111,36111,12412,
Greene,36,39,36039,12413,
Greene,36,39,36039,12414,
Ulster,36,111,36111,12414,
Ulster,36,111,36111,12416,
Ulster,36,111,36111,12417,
Greene,36,39,36039,12418,
Ulster,36,111,36111,12419,
Ulster,36,111,36111,12420,
Delaware,36,25,36025,12421,
Greene,36,39,36039,12422,
Greene,36,39,36039,12423,
Greene,36,39,36039,12424,
Greene,36,39,36039,12427,
Ulster,36,111,36111,12428,
Sullivan,36,105,36105,12428,
Ulster,36,111,36111,12429,
Greene,36,39,36039,12430,
Delaware,36,25,36025,12430,
Greene,36,39,36039,12431,
Ulster,36,111,36111,12432,
Ulster,36,111,36111,12433,
Delaware,36,25,36025,12434,
Ulster,36,111,36111,12435,
Greene,36,39,36039,12436,
Delaware,36,25,36025,12438,
Greene,36,39,36039,12439,
Ulster,36,111,36111,12440,
Ulster,36,111,36111,12441,
Greene,36,39,36039,12442,
Ulster,36,111,36111,12443,
Greene,36,39,36039,12444,
Ulster,36,111,36111,12446,
Ulster,36,111,36111,12448,
Ulster,36,111,36111,12449,
Greene,36,39,36039,12450,
Greene,36,39,36039,12451,
Greene,36,39,36039,12452,
Ulster,36,111,36111,12453,
Greene,36,39,36039,12454,
Delaware,36,25,36025,12455,
Ulster,36,111,36111,12456,
Ulster,36,111,36111,12457,
Ulster,36,111,36111,12458,
Sullivan,36,105,36105,12458,
Delaware,36,25,36025,12459,
Albany,36,1,36001,12460,
Greene,36,39,36039,12460,
Ulster,36,111,36111,12461,
Greene,36,39,36039,12463,
Ulster,36,111,36111,12463,
Ulster,36,111,36111,12464,
Delaware,36,25,36025,12465,
Ulster,36,111,36111,12465,
Ulster,36,111,36111,12466,
Greene,36,39,36039,12468,
Delaware,36,25,36025,12468,
Albany,36,1,36001,12469,
Greene,36,39,36039,12469,
Schoharie,36,95,36095,12469,
Greene,36,39,36039,12470,
Ulster,36,111,36111,12471,
Ulster,36,111,36111,12472,
Greene,36,39,36039,12473,
Delaware,36,25,36025,12474,
Ulster,36,111,36111,12475,
Greene,36,39,36039,12477,
Ulster,36,111,36111,12477,
Greene,36,39,36039,12480,
Ulster,36,111,36111,12480,
Ulster,36,111,36111,12481,
Greene,36,39,36039,12482,
Ulster,36,111,36111,12483,
Ulster,36,111,36111,12484,
Greene,36,39,36039,12485,
Ulster,36,111,36111,12486,
Ulster,36,111,36111,12487,
Ulster,36,111,36111,12489,
Ulster,36,111,36111,12490,
Ulster,36,111,36111,12491,
Greene,36,39,36039,12492,
Ulster,36,111,36111,12493,
Ulster,36,111,36111,12494,
Greene,36,39,36039,12495,
Ulster,36,111,36111,12495,
Greene,36,39,36039,12496,
Ulster,36,111,36111,12498,
Dutchess,36,27,36027,12501,
Columbia,36,21,36021,12502,
Columbia,36,21,36021,12503,
Dutchess,36,27,36027,12504,
Dutchess,36,27,36027,12506,
Dutchess,36,27,36027,12507,
Dutchess,36,27,36027,12508,
Dutchess,36,27,36027,12510,
Dutchess,36,27,36027,12511,
Dutchess,36,27,36027,12512,
Columbia,36,21,36021,12513,
Dutchess,36,27,36027,12514,
Ulster,36,111,36111,12515,
Columbia,36,21,36021,12516,
Columbia,36,21,36021,12517,
Orange,36,71,36071,12518,
Orange,36,71,36071,12520,
Columbia,36,21,36021,12521,
Dutchess,36,27,36027,12522,
Columbia,36,21,36021,12523,
Putnam,36,79,36079,12524,
Dutchess,36,27,36027,12524,
Ulster,36,111,36111,12525,
Columbia,36,21,36021,12526,
Dutchess,36,27,36027,12527,
Ulster,36,111,36111,12528,
Columbia,36,21,36021,12529,
Columbia,36,21,36021,12530,
Dutchess,36,27,36027,12531,
Putnam,36,79,36079,12531,
Dutchess,36,27,36027,12533,
Putnam,36,79,36079,12533,
Columbia,36,21,36021,12534,
Dutchess,36,27,36027,12537,
Dutchess,36,27,36027,12538,
Dutchess,36,27,36027,12540,
Columbia,36,21,36021,12541,
Orange,36,71,36071,12542,
Ulster,36,111,36111,12542,
Orange,36,71,36071,12543,
Columbia,36,21,36021,12544,
Dutchess,36,27,36027,12545,
Dutchess,36,27,36027,12546,
Columbia,36,21,36021,12546,
Ulster,36,111,36111,12547,
Ulster,36,111,36111,12548,
Orange,36,71,36071,12549,
Orange,36,71,36071,12550,
Orange,36,71,36071,12551,
Orange,36,71,36071,12552,
Orange,36,71,36071,12553,
Orange,36,71,36071,12555,
Ulster,36,111,36111,12561,
Putnam,36,79,36079,12563,
Putnam,36,79,36079,12564,
Dutchess,36,27,36027,12564,
Columbia,36,21,36021,12565,
Sullivan,36,105,36105,12566,
Ulster,36,111,36111,12566,
Orange,36,71,36071,12566,
Dutchess,36,27,36027,12567,
Columbia,36,21,36021,12567,
Ulster,36,111,36111,12568,
Dutchess,36,27,36027,12569,
Dutchess,36,27,36027,12570,
Columbia,36,21,36021,12571,
Dutchess,36,27,36027,12571,
Dutchess,36,27,36027,12572,
Dutchess,36,27,36027,12574,
Orange,36,71,36071,12575,
Orange,36,71,36071,12577,
Dutchess,36,27,36027,12578,
Dutchess,36,27,36027,12580,
Dutchess,36,27,36027,12581,
Dutchess,36,27,36027,12582,
Putnam,36,79,36079,12582,
Dutchess,36,27,36027,12583,
Columbia,36,21,36021,12583,
Orange,36,71,36071,12584,
Dutchess,36,27,36027,12585,
Orange,36,71,36071,12586,
Ulster,36,111,36111,12586,
Ulster,36,111,36111,12588,
Orange,36,71,36071,12589,
Ulster,36,111,36111,12589,
Dutchess,36,27,36027,12590,
Dutchess,36,27,36027,12592,
Dutchess,36,27,36027,12594,
Dutchess,36,27,36027,12601,
Dutchess,36,27,36027,12602,
Dutchess,36,27,36027,12603,
Dutchess,36,27,36027,12604,
Sullivan,36,105,36105,12701,
Sullivan,36,105,36105,12719,
Sullivan,36,105,36105,12720,
Orange,36,71,36071,12721,
Sullivan,36,105,36105,12721,
Sullivan,36,105,36105,12722,
Sullivan,36,105,36105,12723,
Sullivan,36,105,36105,12724,
Ulster,36,111,36111,12725,
Sullivan,36,105,36105,12725,
Sullivan,36,105,36105,12726,
Sullivan,36,105,36105,12727,
Sullivan,36,105,36105,12729,
Orange,36,71,36071,12729,
Sullivan,36,105,36105,12732,
Sullivan,36,105,36105,12733,
Sullivan,36,105,36105,12734,
Sullivan,36,105,36105,12736,
Sullivan,36,105,36105,12737,
Sullivan,36,105,36105,12738,
Sullivan,36,105,36105,12740,
Ulster,36,111,36111,12740,
Sullivan,36,105,36105,12741,
Sullivan,36,105,36105,12742,
Sullivan,36,105,36105,12743,
Sullivan,36,105,36105,12745,
Orange,36,71,36071,12746,
Sullivan,36,105,36105,12747,
Sullivan,36,105,36105,12748,
Sullivan,36,105,36105,12749,
Sullivan,36,105,36105,12750,
Sullivan,36,105,36105,12751,
Sullivan,36,105,36105,12752,
Sullivan,36,105,36105,12754,
Sullivan,36,105,36105,12758,
Ulster,36,111,36111,12758,
Delaware,36,25,36025,12758,
Sullivan,36,105,36105,12759,
Sullivan,36,105,36105,12760,
Delaware,36,25,36025,12760,
Sullivan,36,105,36105,12762,
Sullivan,36,105,36105,12763,
Ulster,36,111,36111,12763,
Sullivan,36,105,36105,12764,
Sullivan,36,105,36105,12765,
Sullivan,36,105,36105,12766,
Sullivan,36,105,36105,12767,
Sullivan,36,105,36105,12768,
Sullivan,36,105,36105,12769,
Sullivan,36,105,36105,12770,
Orange,36,71,36071,12771,
Sullivan,36,105,36105,12775,
Sullivan,36,105,36105,12776,
Delaware,36,25,36025,12776,
Sullivan,36,105,36105,12777,
Sullivan,36,105,36105,12778,
Sullivan,36,105,36105,12779,
Orange,36,71,36071,12780,
Sullivan,36,105,36105,12780,
Sullivan,36,105,36105,12781,
Sullivan,36,105,36105,12783,
Sullivan,36,105,36105,12784,
Orange,36,71,36071,12785,
Sullivan,36,105,36105,12786,
Sullivan,36,105,36105,12787,
Sullivan,36,105,36105,12788,
Sullivan,36,105,36105,12789,
Sullivan,36,105,36105,12790,
Sullivan,36,105,36105,12791,
Sullivan,36,105,36105,12792,
Warren,36,113,36113,12801,
Saratoga,36,91,36091,12803,
Warren,36,113,36113,12804,
Washington,36,115,36115,12804,
Warren,36,113,36113,12808,
Washington,36,115,36115,12809,
Warren,36,113,36113,12810,
Warren,36,113,36113,12811,
Hamilton,36,41,36041,12812,
Warren,36,113,36113,12814,
Warren,36,113,36113,12815,
Washington,36,115,36115,12816,
Warren,36,113,36113,12817,
Washington,36,115,36115,12819,
Warren,36,113,36113,12820,
Washington,36,115,36115,12821,
Saratoga,36,91,36091,12822,
Washington,36,115,36115,12823,
Warren,36,113,36113,12824,
Washington,36,115,36115,12827,
Saratoga,36,91,36091,12828,
Washington,36,115,36115,12828,
Saratoga,36,91,36091,12831,
Washington,36,115,36115,12832,
Saratoga,36,91,36091,12833,
Washington,36,115,36115,12834,
Saratoga,36,91,36091,12835,
Warren,36,113,36113,12835,
Essex,36,31,36031,12836,
Warren,36,113,36113,12836,
Washington,36,115,36115,12837,
Washington,36,115,36115,12838,
Warren,36,113,36113,12839,
Washington,36,115,36115,12839,
Washington,36,115,36115,12841,
Hamilton,36,41,36041,12842,
Warren,36,113,36113,12843,
Warren,36,113,36113,12844,
Washington,36,115,36115,12844,
Warren,36,113,36113,12845,
Warren,36,113,36113,12846,
Hamilton,36,41,36041,12847,
Washington,36,115,36115,12848,
Washington,36,115,36115,12849,
Saratoga,36,91,36091,12850,
Essex,36,31,36031,12851,
Essex,36,31,36031,12852,
Essex,36,31,36031,12853,
Warren,36,113,36113,12853,
Washington,36,115,36115,12854,
Essex,36,31,36031,12855,
Warren,36,113,36113,12856,
Warren,36,113,36113,12857,
Essex,36,31,36031,12857,
Essex,36,31,36031,12858,
Saratoga,36,91,36091,12859,
Warren,36,113,36113,12860,
Washington,36,115,36115,12861,
Warren,36,113,36113,12862,
Saratoga,36,91,36091,12863,
Hamilton,36,41,36041,12864,
Washington,36,115,36115,12865,
Saratoga,36,91,36091,12866,
Essex,36,31,36031,12870,
Warren,36,113,36113,12870,
Saratoga,36,91,36091,12871,
Essex,36,31,36031,12872,
Washington,36,115,36115,12873,
Warren,36,113,36113,12874,
Warren,36,113,36113,12878,
Essex,36,31,36031,12879,
Essex,36,31,36031,12883,
Washington,36,115,36115,12883,
Saratoga,36,91,36091,12884,
Warren,36,113,36113,12885,
Warren,36,113,36113,12886,
Washington,36,115,36115,12887,
Clinton,36,19,36019,12901,
Clinton,36,19,36019,12903,
Clinton,36,19,36019,12910,
Essex,36,31,36031,12911,
Clinton,36,19,36019,12911,
Franklin,36,33,36033,12912,
Essex,36,31,36031,12912,
Clinton,36,19,36019,12912,
Franklin,36,33,36033,12913,
Essex,36,31,36031,12913,
St. Lawrence,36,89,36089,12914,
Franklin,36,33,36033,12914,
Franklin,36,33,36033,12915,
Franklin,36,33,36033,12916,
Franklin,36,33,36033,12917,
Clinton,36,19,36019,12918,
Clinton,36,19,36019,12919,
Franklin,36,33,36033,12920,
Clinton,36,19,36019,12920,
Clinton,36,19,36019,12921,
St. Lawrence,36,89,36089,12922,
Clinton,36,19,36019,12923,
Clinton,36,19,36019,12924,
Franklin,36,33,36033,12926,
St. Lawrence,36,89,36089,12927,
Essex,36,31,36031,12928,
Clinton,36,19,36019,12929,
St. Lawrence,36,89,36089,12930,
Franklin,36,33,36033,12930,
Essex,36,31,36031,12932,
Clinton,36,19,36019,12933,
Clinton,36,19,36019,12934,
Clinton,36,19,36019,12935,
Essex,36,31,36031,12936,
Franklin,36,33,36033,12937,
Franklin,36,33,36033,12939,
Essex,36,31,36031,12941,
Essex,36,31,36031,12942,
Essex,36,31,36031,12943,
Clinton,36,19,36019,12944,
Essex,36,31,36031,12944,
Franklin,36,33,36033,12945,
Essex,36,31,36031,12946,
St. Lawrence,36,89,36089,12949,
Essex,36,31,36031,12950,
Clinton,36,19,36019,12952,
Franklin,36,33,36033,12953,
Clinton,36,19,36019,12955,
Franklin,36,33,36033,12955,
Essex,36,31,36031,12956,
Franklin,36,33,36033,12957,
St. Lawrence,36,89,36089,12957,
Clinton,36,19,36019,12958,
Clinton,36,19,36019,12959,
Essex,36,31,36031,12960,
Essex,36,31,36031,12961,
Clinton,36,19,36019,12962,
Essex,36,31,36031,12964,
St. Lawrence,36,89,36089,12965,
Franklin,36,33,36033,12966,
Franklin,36,33,36033,12967,
St. Lawrence,36,89,36089,12967,
Franklin,36,33,36033,12969,
Franklin,36,33,36033,12970,
Clinton,36,19,36019,12972,
Essex,36,31,36031,12972,
St. Lawrence,36,89,36089,12973,
Essex,36,31,36031,12974,
Essex,36,31,36031,12975,
Franklin,36,33,36033,12976,
Essex,36,31,36031,12977,
Clinton,36,19,36019,12978,
Clinton,36,19,36019,12979,
St. Lawrence,36,89,36089,12980,
Franklin,36,33,36033,12980,
Clinton,36,19,36019,12981,
Franklin,36,33,36033,12983,
Essex,36,31,36031,12983,
Clinton,36,19,36019,12985,
Franklin,36,33,36033,12986,
St. Lawrence,36,89,36089,12986,
Essex,36,31,36031,12987,
Essex,36,31,36031,12989,
Franklin,36,33,36033,12989,
Clinton,36,19,36019,12992,
Essex,36,31,36031,12993,
Franklin,36,33,36033,12995,
Essex,36,31,36031,12996,
Essex,36,31,36031,12997,
Clinton,36,19,36019,12997,
Essex,36,31,36031,12998,
Onondaga,36,67,36067,13020,
Cayuga,36,11,36011,13021,
Cayuga,36,11,36011,13022,
Cayuga,36,11,36011,13024,
Cayuga,36,11,36011,13026,
Onondaga,36,67,36067,13027,
Cayuga,36,11,36011,13027,
Oswego,36,75,36075,13028,
Onondaga,36,67,36067,13029,
Madison,36,53,36053,13030,
Onondaga,36,67,36067,13030,
Onondaga,36,67,36067,13031,
Madison,36,53,36053,13032,
Oneida,36,65,36065,13032,
Cayuga,36,11,36011,13033,
Cayuga,36,11,36011,13034,
Onondaga,36,67,36067,13035,
Madison,36,53,36053,13035,
Onondaga,36,67,36067,13036,
Oswego,36,75,36075,13036,
Madison,36,53,36053,13037,
Onondaga,36,67,36067,13037,
Onondaga,36,67,36067,13039,
Cortland,36,23,36023,13040,
Chenango,36,17,36017,13040,
Onondaga,36,67,36067,13041,
Oneida,36,65,36065,13042,
Oswego,36,75,36075,13042,
Madison,36,53,36053,13043,
Oswego,36,75,36075,13044,
Tompkins,36,109,36109,13045,
Cortland,36,23,36023,13045,
Cayuga,36,11,36011,13045,
Onondaga,36,67,36067,13051,
Chenango,36,17,36017,13052,
Cortland,36,23,36023,13052,
Madison,36,53,36053,13052,
Tompkins,36,109,36109,13053,
Cortland,36,23,36023,13053,
Oneida,36,65,36065,13054,
Cortland,36,23,36023,13056,
Onondaga,36,67,36067,13057,
Onondaga,36,67,36067,13060,
Madison,36,53,36053,13061,
Tompkins,36,109,36109,13062,
Onondaga,36,67,36067,13063,
Cayuga,36,11,36011,13064,
Seneca,36,99,36099,13065,
Onondaga,36,67,36067,13066,
Tompkins,36,109,36109,13068,
Onondaga,36,67,36067,13069,
Oswego,36,75,36075,13069,
Cayuga,36,11,36011,13071,
Chenango,36,17,36017,13072,
Madison,36,53,36053,13072,
Tompkins,36,109,36109,13073,
Cayuga,36,11,36011,13073,
Oswego,36,75,36075,13074,
Cayuga,36,11,36011,13074,
Oswego,36,75,36075,13076,
Cortland,36,23,36023,13077,
Onondaga,36,67,36067,13077,
Onondaga,36,67,36067,13078,
Onondaga,36,67,36067,13080,
Cayuga,36,11,36011,13080,
Cayuga,36,11,36011,13081,
Madison,36,53,36053,13082,
Onondaga,36,67,36067,13082,
Jefferson,36,45,36045,13083,
Oswego,36,75,36075,13083,
Onondaga,36,67,36067,13084,
Cortland,36,23,36023,13087,
Onondaga,36,67,36067,13088,
Onondaga,36,67,36067,13089,
Onondaga,36,67,36067,13090,
Tompkins,36,109,36109,13092,
Cayuga,36,11,36011,13092,
Oswego,36,75,36075,13093,
Cortland,36,23,36023,13101,
Tompkins,36,109,36109,13102,
Oswego,36,75,36075,13103,
Madison,36,53,36053,13104,
Onondaga,36,67,36067,13104,
Oswego,36,75,36075,13107,
Onondaga,36,67,36067,13108,
Onondaga,36,67,36067,13110,
Cayuga,36,11,36011,13111,
Oswego,36,75,36075,13111,
Onondaga,36,67,36067,13112,
Cayuga,36,11,36011,13113,
Oswego,36,75,36075,13114,
Oswego,36,75,36075,13115,
Onondaga,36,67,36067,13116,
Cayuga,36,11,36011,13117,
Cayuga,36,11,36011,13118,
Onondaga,36,67,36067,13119,
Onondaga,36,67,36067,13120,
Oswego,36,75,36075,13121,
Madison,36,53,36053,13122,
Onondaga,36,67,36067,13122,
Oneida,36,65,36065,13123,
Chenango,36,17,36017,13124,
Cayuga,36,11,36011,13126,
Oswego,36,75,36075,13126,
Oswego,36,75,36075,13131,
Oswego,36,75,36075,13132,
Madison,36,53,36053,13134,
Onondaga,36,67,36067,13135,
Oswego,36,75,36075,13135,
Chenango,36,17,36017,13136,
Onondaga,36,67,36067,13137,
Onondaga,36,67,36067,13138,
Cayuga,36,11,36011,13139,
Cayuga,36,11,36011,13140,
Onondaga,36,67,36067,13141,
Cortland,36,23,36023,13141,
Oswego,36,75,36075,13142,
Cayuga,36,11,36011,13143,
Wayne,36,117,36117,13143,
Oswego,36,75,36075,13144,
Oswego,36,75,36075,13145,
Jefferson,36,45,36045,13145,
Seneca,36,99,36099,13146,
Wayne,36,117,36117,13146,
Cayuga,36,11,36011,13147,
Seneca,36,99,36099,13148,
Wayne,36,117,36117,13148,
Cayuga,36,11,36011,13152,
Onondaga,36,67,36067,13152,
Onondaga,36,67,36067,13153,
Wayne,36,117,36117,13154,
Chenango,36,17,36017,13155,
Wayne,36,117,36117,13156,
Cayuga,36,11,36011,13156,
Oneida,36,65,36065,13157,
Cortland,36,23,36023,13158,
Onondaga,36,67,36067,13158,
Cortland,36,23,36023,13159,
Onondaga,36,67,36067,13159,
Cayuga,36,11,36011,13160,
Oneida,36,65,36065,13162,
Madison,36,53,36053,13163,
Onondaga,36,67,36067,13164,
Seneca,36,99,36099,13165,
Cayuga,36,11,36011,13166,
Onondaga,36,67,36067,13166,
Oswego,36,75,36075,13167,
Onondaga,36,67,36067,13201,
Onondaga,36,67,36067,13202,
Onondaga,36,67,36067,13203,
Onondaga,36,67,36067,13204,
Onondaga,36,67,36067,13205,
Onondaga,36,67,36067,13206,
Onondaga,36,67,36067,13207,
Onondaga,36,67,36067,13208,
Onondaga,36,67,36067,13209,
Onondaga,36,67,36067,13210,
Onondaga,36,67,36067,13211,
Onondaga,36,67,36067,13212,
Onondaga,36,67,36067,13214,
Onondaga,36,67,36067,13215,
Onondaga,36,67,36067,13217,
Onondaga,36,67,36067,13218,
Onondaga,36,67,36067,13219,
Onondaga,36,67,36067,13220,
Onondaga,36,67,36067,13221,
Onondaga,36,67,36067,13224,
Onondaga,36,67,36067,13225,
Onondaga,36,67,36067,13235,
Onondaga,36,67,36067,13244,
Onondaga,36,67,36067,13250,
Onondaga,36,67,36067,13251,
Onondaga,36,67,36067,13252,
Onondaga,36,67,36067,13261,
Onondaga,36,67,36067,13290,
Oneida,36,65,36065,13301,
Oswego,36,75,36075,13302,
Oneida,36,65,36065,13303,
Herkimer,36,43,36043,13304,
Oneida,36,65,36065,13304,
Lewis,36,49,36049,13305,
Oneida,36,65,36065,13308,
Lewis,36,49,36049,13309,
Oneida,36,65,36065,13309,
Madison,36,53,36053,13310,
Lewis,36,49,36049,13312,
Oneida,36,65,36065,13313,
Madison,36,53,36053,13314,
Otsego,36,77,36077,13315,
Lewis,36,49,36049,13316,
Oswego,36,75,36075,13316,
Oneida,36,65,36065,13316,
Montgomery,36,57,36057,13317,
Otsego,36,77,36077,13317,
Oneida,36,65,36065,13318,
Oneida,36,65,36065,13319,
Otsego,36,77,36077,13320,
Schoharie,36,95,36095,13320,
Montgomery,36,57,36057,13320,
Oneida,36,65,36065,13321,
Herkimer,36,43,36043,13322,
Oneida,36,65,36065,13322,
Oneida,36,65,36065,13323,
Herkimer,36,43,36043,13324,
Lewis,36,49,36049,13325,
Otsego,36,77,36077,13326,
Lewis,36,49,36049,13327,
Oneida,36,65,36065,13328,
Fulton,36,35,36035,13329,
Herkimer,36,43,36043,13329,
Herkimer,36,43,36043,13331,
Hamilton,36,41,36041,13331,
Madison,36,53,36053,13332,
Chenango,36,17,36017,13332,
Otsego,36,77,36077,13333,
Madison,36,53,36053,13334,
Otsego,36,77,36077,13335,
Otsego,36,77,36077,13337,
Herkimer,36,43,36043,13338,
Oneida,36,65,36065,13338,
Montgomery,36,57,36057,13339,
Herkimer,36,43,36043,13339,
Fulton,36,35,36035,13339,
Herkimer,36,43,36043,13340,
Oneida,36,65,36065,13340,
Oneida,36,65,36065,13341,
Otsego,36,77,36077,13342,
Lewis,36,49,36049,13343,
Lewis,36,49,36049,13345,
Madison,36,53,36053,13346,
Otsego,36,77,36077,13348,
Herkimer,36,43,36043,13350,
Oneida,36,65,36065,13352,
Hamilton,36,41,36041,13353,
Oneida,36,65,36065,13354,
Madison,36,53,36053,13355,
Herkimer,36,43,36043,13357,
Hamilton,36,41,36041,13360,
Herkimer,36,43,36043,13361,
Otsego,36,77,36077,13361,
Oneida,36,65,36065,13362,
Oneida,36,65,36065,13363,
Madison,36,53,36053,13364,
Herkimer,36,43,36043,13365,
Lewis,36,49,36049,13367,
Herkimer,36,43,36043,13367,
Lewis,36,49,36049,13368,
Oneida,36,65,36065,13401,
Madison,36,53,36053,13402,
Oneida,36,65,36065,13402,
Oneida,36,65,36065,13403,
Lewis,36,49,36049,13404,
Herkimer,36,43,36043,13406,
Herkimer,36,43,36043,13407,
Madison,36,53,36053,13408,
Madison,36,53,36053,13409,
Oneida,36,65,36065,13409,
Montgomery,36,57,36057,13410,
Chenango,36,17,36017,13411,
Otsego,36,77,36077,13411,
Oneida,36,65,36065,13413,
Herkimer,36,43,36043,13413,
Otsego,36,77,36077,13415,
Herkimer,36,43,36043,13416,
Oneida,36,65,36065,13417,
Madison,36,53,36053,13418,
Herkimer,36,43,36043,13420,
Madison,36,53,36053,13421,
Oneida,36,65,36065,13421,
Oneida,36,65,36065,13424,
Madison,36,53,36053,13425,
Oneida,36,65,36065,13425,
Oswego,36,75,36075,13426,
Montgomery,36,57,36057,13428,
Herkimer,36,43,36043,13431,
Oneida,36,65,36065,13431,
Lewis,36,49,36049,13433,
Oneida,36,65,36065,13435,
Hamilton,36,41,36041,13436,
Lewis,36,49,36049,13437,
Oswego,36,75,36075,13437,
Herkimer,36,43,36043,13438,
Oneida,36,65,36065,13438,
Herkimer,36,43,36043,13439,
Otsego,36,77,36077,13439,
Oneida,36,65,36065,13440,
Oneida,36,65,36065,13441,
Oneida,36,65,36065,13442,
Otsego,36,77,36077,13450,
Fulton,36,35,36035,13452,
Montgomery,36,57,36057,13452,
Herkimer,36,43,36043,13454,
Fulton,36,35,36035,13454,
Oneida,36,65,36065,13455,
Oneida,36,65,36065,13456,
Herkimer,36,43,36043,13456,
Otsego,36,77,36077,13457,
Schoharie,36,95,36095,13459,
Montgomery,36,57,36057,13459,
Madison,36,53,36053,13460,
Chenango,36,17,36017,13460,
Oneida,36,65,36065,13461,
Chenango,36,17,36017,13464,
Madison,36,53,36053,13465,
Otsego,36,77,36077,13468,
Oneida,36,65,36065,13469,
Fulton,36,35,36035,13470,
Herkimer,36,43,36043,13470,
Oneida,36,65,36065,13471,
Lewis,36,49,36049,13471,
Herkimer,36,43,36043,13472,
Lewis,36,49,36049,13473,
Herkimer,36,43,36043,13475,
Oneida,36,65,36065,13476,
Madison,36,53,36053,13477,
Oneida,36,65,36065,13477,
Oneida,36,65,36065,13478,
Oneida,36,65,36065,13479,
Madison,36,53,36053,13480,
Oneida,36,65,36065,13480,
Otsego,36,77,36077,13482,
Oneida,36,65,36065,13483,
Oswego,36,75,36075,13483,
Madison,36,53,36053,13484,
Madison,36,53,36053,13485,
Otsego,36,77,36077,13485,
Chenango,36,17,36017,13485,
Oneida,36,65,36065,13486,
Otsego,36,77,36077,13488,
Lewis,36,49,36049,13489,
Oneida,36,65,36065,13490,
Madison,36,53,36053,13491,
Otsego,36,77,36077,13491,
Herkimer,36,43,36043,13491,
Oneida,36,65,36065,13492,
Oswego,36,75,36075,13493,
Oneida,36,65,36065,13494,
Oneida,36,65,36065,13495,
Herkimer,36,43,36043,13501,
Oneida,36,65,36065,13501,
Herkimer,36,43,36043,13502,
Oneida,36,65,36065,13502,
Oneida,36,65,36065,13503,
Oneida,36,65,36065,13504,
Oneida,36,65,36065,13505,
Oneida,36,65,36065,13599,
Jefferson,36,45,36045,13601,
Jefferson,36,45,36045,13602,
Jefferson,36,45,36045,13603,
Jefferson,36,45,36045,13605,
Jefferson,36,45,36045,13606,
Jefferson,36,45,36045,13607,
St. Lawrence,36,89,36089,13608,
Jefferson,36,45,36045,13608,
Jefferson,36,45,36045,13611,
Jefferson,36,45,36045,13612,
St. Lawrence,36,89,36089,13613,
St. Lawrence,36,89,36089,13614,
Jefferson,36,45,36045,13615,
Jefferson,36,45,36045,13616,
St. Lawrence,36,89,36089,13617,
Jefferson,36,45,36045,13618,
Jefferson,36,45,36045,13619,
Lewis,36,49,36049,13619,
Lewis,36,49,36049,13620,
St. Lawrence,36,89,36089,13621,
Jefferson,36,45,36045,13622,
St. Lawrence,36,89,36089,13623,
Jefferson,36,45,36045,13624,
St. Lawrence,36,89,36089,13625,
Lewis,36,49,36049,13626,
Jefferson,36,45,36045,13626,
Lewis,36,49,36049,13627,
Jefferson,36,45,36045,13628,
St. Lawrence,36,89,36089,13630,
Jefferson,36,45,36045,13631,
Jefferson,36,45,36045,13632,
St. Lawrence,36,89,36089,13633,
Jefferson,36,45,36045,13634,
St. Lawrence,36,89,36089,13635,
Jefferson,36,45,36045,13636,
Jefferson,36,45,36045,13637,
Jefferson,36,45,36045,13638,
St. Lawrence,36,89,36089,13639,
Jefferson,36,45,36045,13640,
Jefferson,36,45,36045,13641,
St. Lawrence,36,89,36089,13642,
Jefferson,36,45,36045,13643,
St. Lawrence,36,89,36089,13645,
Jefferson,36,45,36045,13646,
St. Lawrence,36,89,36089,13646,
St. Lawrence,36,89,36089,13647,
St. Lawrence,36,89,36089,13648,
Lewis,36,49,36049,13648,
St. Lawrence,36,89,36089,13649,
Jefferson,36,45,36045,13650,
Jefferson,36,45,36045,13651,
St. Lawrence,36,89,36089,13652,
St. Lawrence,36,89,36089,13654,
Franklin,36,33,36033,13655,
Jefferson,36,45,36045,13656,
St. Lawrence,36,89,36089,13658,
Jefferson,36,45,36045,13659,
St. Lawrence,36,89,36089,13660,
Jefferson,36,45,36045,13661,
Oswego,36,75,36075,13661,
St. Lawrence,36,89,36089,13662,
St. Lawrence,36,89,36089,13664,
Lewis,36,49,36049,13665,
Jefferson,36,45,36045,13665,
St. Lawrence,36,89,36089,13666,
St. Lawrence,36,89,36089,13667,
St. Lawrence,36,89,36089,13668,
St. Lawrence,36,89,36089,13669,
St. Lawrence,36,89,36089,13670,
Jefferson,36,45,36045,13671,
St. Lawrence,36,89,36089,13672,
Jefferson,36,45,36045,13673,
Jefferson,36,45,36045,13674,
Jefferson,36,45,36045,13675,
St. Lawrence,36,89,36089,13676,
St. Lawrence,36,89,36089,13677,
St. Lawrence,36,89,36089,13678,
Jefferson,36,45,36045,13679,
St. Lawrence,36,89,36089,13679,
St. Lawrence,36,89,36089,13680,
St. Lawrence,36,89,36089,13681,
Lewis,36,49,36049,13682,
Jefferson,36,45,36045,13682,
Franklin,36,33,36033,13683,
St. Lawrence,36,89,36089,13684,
Jefferson,36,45,36045,13685,
St. Lawrence,36,89,36089,13687,
St. Lawrence,36,89,36089,13690,
Jefferson,36,45,36045,13691,
Jefferson,36,45,36045,13692,
Jefferson,36,45,36045,13693,
St. Lawrence,36,89,36089,13694,
St. Lawrence,36,89,36089,13695,
St. Lawrence,36,89,36089,13696,
St. Lawrence,36,89,36089,13697,
St. Lawrence,36,89,36089,13699,
Chenango,36,17,36017,13730,
Broome,36,7,36007,13730,
Delaware,36,25,36025,13731,
Tioga,36,107,36107,13732,
Chenango,36,17,36017,13733,
Delaware,36,25,36025,13733,
Otsego,36,77,36077,13733,
Tioga,36,107,36107,13734,
Broome,36,7,36007,13736,
Tompkins,36,109,36109,13736,
Tioga,36,107,36107,13736,
Broome,36,7,36007,13737,
Cortland,36,23,36023,13738,
Delaware,36,25,36025,13739,
Delaware,36,25,36025,13740,
Tioga,36,107,36107,13743,
Broome,36,7,36007,13744,
Broome,36,7,36007,13745,
Broome,36,7,36007,13746,
Chenango,36,17,36017,13746,
Otsego,36,77,36077,13747,
Broome,36,7,36007,13748,
Broome,36,7,36007,13749,
Delaware,36,25,36025,13750,
Otsego,36,77,36077,13750,
Delaware,36,25,36025,13751,
Delaware,36,25,36025,13752,
Delaware,36,25,36025,13753,
Delaware,36,25,36025,13754,
Broome,36,7,36007,13754,
Delaware,36,25,36025,13755,
Delaware,36,25,36025,13756,
Delaware,36,25,36025,13757,
Chenango,36,17,36017,13758,
Broome,36,7,36007,13760,
Tioga,36,107,36107,13760,
Broome,36,7,36007,13761,
Broome,36,7,36007,13762,
Broome,36,7,36007,13763,
Delaware,36,25,36025,13774,
Delaware,36,25,36025,13775,
Otsego,36,77,36077,13776,
Broome,36,7,36007,13777,
Broome,36,7,36007,13778,
Chenango,36,17,36017,13778,
Chenango,36,17,36017,13780,
Delaware,36,25,36025,13782,
Delaware,36,25,36025,13783,
Cortland,36,23,36023,13784,
Delaware,36,25,36025,13786,
Broome,36,7,36007,13787,
Chenango,36,17,36017,13787,
Delaware,36,25,36025,13788,
Broome,36,7,36007,13790,
Broome,36,7,36007,13794,
Broome,36,7,36007,13795,
Otsego,36,77,36077,13796,
Broome,36,7,36007,13797,
Chenango,36,17,36017,13801,
Broome,36,7,36007,13802,
Cortland,36,23,36023,13803,
Broome,36,7,36007,13803,
Delaware,36,25,36025,13804,
Delaware,36,25,36025,13806,
Otsego,36,77,36077,13807,
Otsego,36,77,36077,13808,
Chenango,36,17,36017,13809,
Otsego,36,77,36077,13809,
Otsego,36,77,36077,13810,
Broome,36,7,36007,13811,
Tioga,36,107,36107,13811,
Tioga,36,107,36107,13812,
Broome,36,7,36007,13813,
Chenango,36,17,36017,13813,
Chenango,36,17,36017,13814,
Chenango,36,17,36017,13815,
Delaware,36,25,36025,13820,
Otsego,36,77,36077,13820,
Delaware,36,25,36025,13825,
Otsego,36,77,36077,13825,
Broome,36,7,36007,13826,
Tioga,36,107,36107,13827,
Chenango,36,17,36017,13830,
Chenango,36,17,36017,13832,
Chenango,36,17,36017,13833,
Broome,36,7,36007,13833,
Otsego,36,77,36077,13834,
Broome,36,7,36007,13835,
Cortland,36,23,36023,13835,
Tioga,36,107,36107,13835,
Otsego,36,77,36077,13838,
Delaware,36,25,36025,13838,
Delaware,36,25,36025,13839,
Tioga,36,107,36107,13840,
Chenango,36,17,36017,13841,
Delaware,36,25,36025,13842,
Chenango,36,17,36017,13843,
Otsego,36,77,36077,13843,
Chenango,36,17,36017,13844,
Tioga,36,107,36107,13845,
Delaware,36,25,36025,13846,
Delaware,36,25,36025,13847,
Broome,36,7,36007,13848,
Delaware,36,25,36025,13849,
Otsego,36,77,36077,13849,
Broome,36,7,36007,13850,
Broome,36,7,36007,13851,
Delaware,36,25,36025,13856,
Otsego,36,77,36077,13859,
Delaware,36,25,36025,13860,
Otsego,36,77,36077,13861,
Broome,36,7,36007,13862,
Chenango,36,17,36017,13863,
Broome,36,7,36007,13863,
Cortland,36,23,36023,13863,
Tioga,36,107,36107,13864,
Tompkins,36,109,36109,13864,
Broome,36,7,36007,13865,
Broome,36,7,36007,13901,
Broome,36,7,36007,13902,
Broome,36,7,36007,13903,
Broome,36,7,36007,13904,
Broome,36,7,36007,13905,
Genesee,36,37,36037,14001,
Erie,36,29,36029,14001,
Niagara,36,63,36063,14001,
Genesee,36,37,36037,14004,
Wyoming,36,121,36121,14004,
Erie,36,29,36029,14004,
Genesee,36,37,36037,14005,
Erie,36,29,36029,14006,
Niagara,36,63,36063,14008,
Wyoming,36,121,36121,14009,
Cattaraugus,36,9,36009,14009,
Erie,36,29,36029,14010,
Genesee,36,37,36037,14011,
Wyoming,36,121,36121,14011,
Niagara,36,63,36063,14012,
Genesee,36,37,36037,14013,
Erie,36,29,36029,14013,
Genesee,36,37,36037,14020,
Genesee,36,37,36037,14021,
Wyoming,36,121,36121,14024,
Allegany,36,3,36003,14024,
Erie,36,29,36029,14025,
Erie,36,29,36029,14026,
Erie,36,29,36029,14027,
Niagara,36,63,36063,14028,
Allegany,36,3,36003,14029,
Cattaraugus,36,9,36009,14030,
Erie,36,29,36029,14030,
Wyoming,36,121,36121,14030,
Erie,36,29,36029,14031,
Erie,36,29,36029,14032,
Niagara,36,63,36063,14032,
Erie,36,29,36029,14033,
Erie,36,29,36029,14034,
Erie,36,29,36029,14035,
Genesee,36,37,36037,14036,
Erie,36,29,36029,14037,
Wyoming,36,121,36121,14037,
Erie,36,29,36029,14038,
Wyoming,36,121,36121,14039,
Wyoming,36,121,36121,14040,
Genesee,36,37,36037,14040,
Cattaraugus,36,9,36009,14041,
Cattaraugus,36,9,36009,14042,
Erie,36,29,36029,14043,
Erie,36,29,36029,14047,
Chautauqua,36,13,36013,14048,
Erie,36,29,36029,14051,
Erie,36,29,36029,14052,
Genesee,36,37,36037,14054,
Wyoming,36,121,36121,14054,
Erie,36,29,36029,14055,
Genesee,36,37,36037,14056,
Erie,36,29,36029,14057,
Genesee,36,37,36037,14058,
Orleans,36,73,36073,14058,
Erie,36,29,36029,14059,
Allegany,36,3,36003,14060,
Cattaraugus,36,9,36009,14060,
Erie,36,29,36029,14061,
Chautauqua,36,13,36013,14062,
Chautauqua,36,13,36013,14063,
Allegany,36,3,36003,14065,
Cattaraugus,36,9,36009,14065,
Wyoming,36,121,36121,14066,
Niagara,36,63,36063,14067,
Erie,36,29,36029,14068,
Erie,36,29,36029,14069,
Erie,36,29,36029,14070,
Cattaraugus,36,9,36009,14070,
Erie,36,29,36029,14072,
Erie,36,29,36029,14075,
Erie,36,29,36029,14080,
Chautauqua,36,13,36013,14081,
Erie,36,29,36029,14081,
Cattaraugus,36,9,36009,14081,
Wyoming,36,121,36121,14082,
Wyoming,36,121,36121,14083,
Erie,36,29,36029,14085,
Erie,36,29,36029,14086,
Erie,36,29,36029,14091,
Niagara,36,63,36063,14092,
Niagara,36,63,36063,14094,
Niagara,36,63,36063,14095,
Orleans,36,73,36073,14098,
Cattaraugus,36,9,36009,14101,
Erie,36,29,36029,14102,
Orleans,36,73,36073,14103,
Genesee,36,37,36037,14103,
Genesee,36,37,36037,14105,
Niagara,36,63,36063,14105,
Orleans,36,73,36073,14105,
Niagara,36,63,36063,14107,
Niagara,36,63,36063,14108,
Niagara,36,63,36063,14109,
Erie,36,29,36029,14110,
Erie,36,29,36029,14111,
Erie,36,29,36029,14112,
Wyoming,36,121,36121,14113,
Niagara,36,63,36063,14120,
Orleans,36,73,36073,14125,
Genesee,36,37,36037,14125,
Niagara,36,63,36063,14126,
Erie,36,29,36029,14127,
Cattaraugus,36,9,36009,14129,
Wyoming,36,121,36121,14130,
Niagara,36,63,36063,14131,
Niagara,36,63,36063,14132,
Cattaraugus,36,9,36009,14133,
Erie,36,29,36029,14134,
Chautauqua,36,13,36013,14135,
Chautauqua,36,13,36013,14136,
Chautauqua,36,13,36013,14138,
Cattaraugus,36,9,36009,14138,
Erie,36,29,36029,14139,
Erie,36,29,36029,14140,
Cattaraugus,36,9,36009,14141,
Erie,36,29,36029,14141,
Genesee,36,37,36037,14143,
Niagara,36,63,36063,14144,
Wyoming,36,121,36121,14145,
Erie,36,29,36029,14145,
Erie,36,29,36029,14150,
Erie,36,29,36029,14151,
Chautauqua,36,13,36013,14166,
Wyoming,36,121,36121,14167,
Cattaraugus,36,9,36009,14168,
Erie,36,29,36029,14169,
Erie,36,29,36029,14170,
Cattaraugus,36,9,36009,14171,
Niagara,36,63,36063,14172,
Cattaraugus,36,9,36009,14173,
Niagara,36,63,36063,14174,
Erie,36,29,36029,14201,
Erie,36,29,36029,14202,
Erie,36,29,36029,14203,
Erie,36,29,36029,14204,
Erie,36,29,36029,14205,
Erie,36,29,36029,14206,
Erie,36,29,36029,14207,
Erie,36,29,36029,14208,
Erie,36,29,36029,14209,
Erie,36,29,36029,14210,
Erie,36,29,36029,14211,
Erie,36,29,36029,14212,
Erie,36,29,36029,14213,
Erie,36,29,36029,14214,
Erie,36,29,36029,14215,
Erie,36,29,36029,14216,
Erie,36,29,36029,14217,
Erie,36,29,36029,14218,
Erie,36,29,36029,14219,
Erie,36,29,36029,14220,
Erie,36,29,36029,14221,
Erie,36,29,36029,14222,
Erie,36,29,36029,14223,
Erie,36,29,36029,14224,
Erie,36,29,36029,14225,
Erie,36,29,36029,14226,
Erie,36,29,36029,14227,
Erie,36,29,36029,14228,
Erie,36,29,36029,14231,
Erie,36,29,36029,14233,
Erie,36,29,36029,14240,
Erie,36,29,36029,14241,
Erie,36,29,36029,14260,
Erie,36,29,36029,14261,
Erie,36,29,36029,14263,
Erie,36,29,36029,14264,
Erie,36,29,36029,14265,
Erie,36,29,36029,14267,
Erie,36,29,36029,14269,
Erie,36,29,36029,14270,
Erie,36,29,36029,14272,
Erie,36,29,36029,14273,
Erie,36,29,36029,14276,
Erie,36,29,36029,14280,
Niagara,36,63,36063,14301,
Niagara,36,63,36063,14302,
Niagara,36,63,36063,14303,
Niagara,36,63,36063,14304,
Niagara,36,63,36063,14305,
Monroe,36,55,36055,14410,
Orleans,36,73,36073,14411,
Wayne,36,117,36117,14413,
Monroe,36,55,36055,14414,
Livingston,36,51,36051,14414,
Yates,36,123,36123,14415,
Orleans,36,73,36073,14416,
Genesee,36,37,36037,14416,
Monroe,36,55,36055,14416,
Steuben,36,101,36101,14418,
Yates,36,123,36123,14418,
Orleans,36,73,36073,14420,
Monroe,36,55,36055,14420,
Genesee,36,37,36037,14422,
Orleans,36,73,36073,14422,
Livingston,36,51,36051,14423,
Ontario,36,69,36069,14424,
Ontario,36,69,36069,14425,
Wyoming,36,121,36121,14427,
Genesee,36,37,36037,14428,
Monroe,36,55,36055,14428,
Orleans,36,73,36073,14429,
Monroe,36,55,36055,14430,
Ontario,36,69,36069,14432,
Wayne,36,117,36117,14432,
Wayne,36,117,36117,14433,
Seneca,36,99,36099,14433,
Livingston,36,51,36051,14435,
Allegany,36,3,36003,14437,
Livingston,36,51,36051,14437,
Steuben,36,101,36101,14437,
Yates,36,123,36123,14441,
Ontario,36,69,36069,14443,
Monroe,36,55,36055,14445,
Wayne,36,117,36117,14449,
Monroe,36,55,36055,14450,
Wayne,36,117,36117,14450,
Orleans,36,73,36073,14452,
Ontario,36,69,36069,14453,
Livingston,36,51,36051,14454,
Yates,36,123,36123,14456,
Seneca,36,99,36099,14456,
Ontario,36,69,36069,14456,
Ontario,36,69,36069,14461,
Livingston,36,51,36051,14462,
Ontario,36,69,36069,14463,
Monroe,36,55,36055,14464,
Livingston,36,51,36051,14466,
Ontario,36,69,36069,14466,
Monroe,36,55,36055,14467,
Monroe,36,55,36055,14468,
Ontario,36,69,36069,14469,
Orleans,36,73,36073,14470,
Ontario,36,69,36069,14471,
Livingston,36,51,36051,14472,
Ontario,36,69,36069,14472,
Monroe,36,55,36055,14472,
Ontario,36,69,36069,14475,
Monroe,36,55,36055,14476,
Orleans,36,73,36073,14476,
Orleans,36,73,36073,14477,
Yates,36,123,36123,14478,
Orleans,36,73,36073,14479,
Livingston,36,51,36051,14480,
Livingston,36,51,36051,14481,
Wyoming,36,121,36121,14481,
Genesee,36,37,36037,14482,
Livingston,36,51,36051,14482,
Monroe,36,55,36055,14482,
Livingston,36,51,36051,14485,
Ontario,36,69,36069,14485,
Livingston,36,51,36051,14486,
Livingston,36,51,36051,14487,
Ontario,36,69,36069,14487,
Livingston,36,51,36051,14488,
Ontario,36,69,36069,14489,
Wayne,36,117,36117,14489,
Seneca,36,99,36099,14489,
Monroe,36,55,36055,14502,
Wayne,36,117,36117,14502,
Ontario,36,69,36069,14504,
Wayne,36,117,36117,14505,
Monroe,36,55,36055,14506,
Yates,36,123,36123,14507,
Monroe,36,55,36055,14508,
Livingston,36,51,36051,14510,
Monroe,36,55,36055,14511,
Ontario,36,69,36069,14512,
Steuben,36,101,36101,14512,
Yates,36,123,36123,14512,
Ontario,36,69,36069,14513,
Wayne,36,117,36117,14513,
Monroe,36,55,36055,14514,
Monroe,36,55,36055,14515,
Wayne,36,117,36117,14516,
Livingston,36,51,36051,14517,
Ontario,36,69,36069,14518,
Wayne,36,117,36117,14519,
Wayne,36,117,36117,14520,
Seneca,36,99,36099,14521,
Ontario,36,69,36069,14522,
Wayne,36,117,36117,14522,
Genesee,36,37,36037,14525,
Livingston,36,51,36051,14525,
Wyoming,36,121,36121,14525,
Monroe,36,55,36055,14526,
Yates,36,123,36123,14527,
Steuben,36,101,36101,14529,
Livingston,36,51,36051,14530,
Wyoming,36,121,36121,14530,
Ontario,36,69,36069,14532,
Seneca,36,99,36099,14532,
Livingston,36,51,36051,14533,
Monroe,36,55,36055,14534,
Ontario,36,69,36069,14534,
Livingston,36,51,36051,14536,
Wyoming,36,121,36121,14536,
Allegany,36,3,36003,14536,
Ontario,36,69,36069,14537,
Wayne,36,117,36117,14538,
Livingston,36,51,36051,14539,
Seneca,36,99,36099,14541,
Wayne,36,117,36117,14542,
Monroe,36,55,36055,14543,
Ontario,36,69,36069,14544,
Yates,36,123,36123,14544,
Livingston,36,51,36051,14545,
Monroe,36,55,36055,14546,
Ontario,36,69,36069,14547,
Ontario,36,69,36069,14548,
Wyoming,36,121,36121,14549,
Wyoming,36,121,36121,14550,
Wayne,36,117,36117,14551,
Wayne,36,117,36117,14555,
Livingston,36,51,36051,14556,
Genesee,36,37,36037,14557,
Livingston,36,51,36051,14558,
Monroe,36,55,36055,14559,
Livingston,36,51,36051,14560,
Ontario,36,69,36069,14560,
Yates,36,123,36123,14561,
Ontario,36,69,36069,14561,
Wayne,36,117,36117,14563,
Monroe,36,55,36055,14564,
Wayne,36,117,36117,14564,
Ontario,36,69,36069,14564,
Wayne,36,117,36117,14568,
Wyoming,36,121,36121,14569,
Orleans,36,73,36073,14571,
Livingston,36,51,36051,14572,
Steuben,36,101,36101,14572,
Monroe,36,55,36055,14580,
Wayne,36,117,36117,14580,
Ontario,36,69,36069,14585,
Monroe,36,55,36055,14586,
Seneca,36,99,36099,14588,
Wayne,36,117,36117,14589,
Wayne,36,117,36117,14590,
Genesee,36,37,36037,14591,
Wyoming,36,121,36121,14591,
Livingston,36,51,36051,14592,
Monroe,36,55,36055,14602,
Monroe,36,55,36055,14603,
Monroe,36,55,36055,14604,
Monroe,36,55,36055,14605,
Monroe,36,55,36055,14606,
Monroe,36,55,36055,14607,
Monroe,36,55,36055,14608,
Monroe,36,55,36055,14609,
Monroe,36,55,36055,14610,
Monroe,36,55,36055,14611,
Monroe,36,55,36055,14612,
Monroe,36,55,36055,14613,
Monroe,36,55,36055,14614,
Monroe,36,55,36055,14615,
Monroe,36,55,36055,14616,
Monroe,36,55,36055,14617,
Monroe,36,55,36055,14618,
Monroe,36,55,36055,14619,
Monroe,36,55,36055,14620,
Monroe,36,55,36055,14621,
Monroe,36,55,36055,14622,
Monroe,36,55,36055,14623,
Monroe,36,55,36055,14624,
Monroe,36,55,36055,14625,
Monroe,36,55,36055,14626,
Monroe,36,55,36055,14627,
Monroe,36,55,36055,14638,
Monroe,36,55,36055,14639,
Monroe,36,55,36055,14642,
Monroe,36,55,36055,14643,
Monroe,36,55,36055,14644,
Monroe,36,55,36055,14645,
Monroe,36,55,36055,14646,
Monroe,36,55,36055,14647,
Monroe,36,55,36055,14649,
Monroe,36,55,36055,14650,
Monroe,36,55,36055,14651,
Monroe,36,55,36055,14652,
Monroe,36,55,36055,14653,
Monroe,36,55,36055,14664,
Monroe,36,55,36055,14673,
Monroe,36,55,36055,14683,
Monroe,36,55,36055,14692,
Monroe,36,55,36055,14694,
Chautauqua,36,13,36013,14701,
Chautauqua,36,13,36013,14702,
Cattaraugus,36,9,36009,14706,
Allegany,36,3,36003,14707,
Allegany,36,3,36003,14708,
Allegany,36,3,36003,14709,
Chautauqua,36,13,36013,14710,
Allegany,36,3,36003,14711,
Chautauqua,36,13,36013,14712,
Allegany,36,3,36003,14714,
Allegany,36,3,36003,14715,
Chautauqua,36,13,36013,14716,
Allegany,36,3,36003,14717,
Chautauqua,36,13,36013,14718,
Cattaraugus,36,9,36009,14719,
Chautauqua,36,13,36013,14720,
Allegany,36,3,36003,14721,
Chautauqua,36,13,36013,14722,
Chautauqua,36,13,36013,14723,
Chautauqua,36,13,36013,14724,
Chautauqua,36,13,36013,14726,
Cattaraugus,36,9,36009,14726,
Cattaraugus,36,9,36009,14727,
Allegany,36,3,36003,14727,
Chautauqua,36,13,36013,14728,
Cattaraugus,36,9,36009,14729,
Cattaraugus,36,9,36009,14730,
Cattaraugus,36,9,36009,14731,
Chautauqua,36,13,36013,14732,
Chautauqua,36,13,36013,14733,
Wyoming,36,121,36121,14735,
Allegany,36,3,36003,14735,
Chautauqua,36,13,36013,14736,
Allegany,36,3,36003,14737,
Cattaraugus,36,9,36009,14737,
Chautauqua,36,13,36013,14738,
Cattaraugus,36,9,36009,14738,
Allegany,36,3,36003,14739,
Chautauqua,36,13,36013,14740,
Cattaraugus,36,9,36009,14741,
Chautauqua,36,13,36013,14742,
Cattaraugus,36,9,36009,14743,
Allegany,36,3,36003,14744,
Allegany,36,3,36003,14745,
Cattaraugus,36,9,36009,14747,
Chautauqua,36,13,36013,14747,
Cattaraugus,36,9,36009,14748,
Chautauqua,36,13,36013,14750,
Cattaraugus,36,9,36009,14751,
Chautauqua,36,13,36013,14752,
Cattaraugus,36,9,36009,14753,
Allegany,36,3,36003,14754,
Cattaraugus,36,9,36009,14755,
Chautauqua,36,13,36013,14756,
Chautauqua,36,13,36013,14757,
Chautauqua,36,13,36013,14758,
Cattaraugus,36,9,36009,14760,
Cattaraugus,36,9,36009,14766,
Chautauqua,36,13,36013,14767,
Chautauqua,36,13,36013,14769,
Allegany,36,3,36003,14770,
Cattaraugus,36,9,36009,14770,
Cattaraugus,36,9,36009,14772,
Allegany,36,3,36003,14774,
Chautauqua,36,13,36013,14775,
Allegany,36,3,36003,14777,
Cattaraugus,36,9,36009,14778,
Cattaraugus,36,9,36009,14779,
Chautauqua,36,13,36013,14781,
Chautauqua,36,13,36013,14782,
Cattaraugus,36,9,36009,14783,
Chautauqua,36,13,36013,14784,
Chautauqua,36,13,36013,14785,
Allegany,36,3,36003,14786,
Chautauqua,36,13,36013,14787,
Cattaraugus,36,9,36009,14788,
Steuben,36,101,36101,14801,
Allegany,36,3,36003,14802,
Steuben,36,101,36101,14803,
Allegany,36,3,36003,14803,
Allegany,36,3,36003,14804,
Chemung,36,15,36015,14805,
Schuyler,36,97,36097,14805,
Steuben,36,101,36101,14806,
Allegany,36,3,36003,14806,
Allegany,36,3,36003,14807,
Steuben,36,101,36101,14807,
Steuben,36,101,36101,14808,
Steuben,36,101,36101,14809,
Steuben,36,101,36101,14810,
Chemung,36,15,36015,14812,
Schuyler,36,97,36097,14812,
Steuben,36,101,36101,14812,
Allegany,36,3,36003,14813,
Chemung,36,15,36015,14814,
Steuben,36,101,36101,14814,
Schuyler,36,97,36097,14815,
Steuben,36,101,36101,14815,
Chemung,36,15,36015,14816,
Tioga,36,107,36107,14817,
Tompkins,36,109,36109,14817,
Schuyler,36,97,36097,14818,
Steuben,36,101,36101,14819,
Steuben,36,101,36101,14820,
Steuben,36,101,36101,14821,
Allegany,36,3,36003,14822,
Livingston,36,51,36051,14822,
Steuben,36,101,36101,14823,
Schuyler,36,97,36097,14824,
Chemung,36,15,36015,14824,
Chemung,36,15,36015,14825,
Steuben,36,101,36101,14826,
Steuben,36,101,36101,14827,
Chemung,36,15,36015,14830,
Steuben,36,101,36101,14830,
Steuben,36,101,36101,14831,
Allegany,36,3,36003,14836,
Livingston,36,51,36051,14836,
Schuyler,36,97,36097,14837,
Steuben,36,101,36101,14837,
Yates,36,123,36123,14837,
Schuyler,36,97,36097,14838,
Chemung,36,15,36015,14838,
Steuben,36,101,36101,14839,
Schuyler,36,97,36097,14840,
Steuben,36,101,36101,14840,
Schuyler,36,97,36097,14841,
Seneca,36,99,36099,14841,
Yates,36,123,36123,14842,
Steuben,36,101,36101,14843,
Allegany,36,3,36003,14843,
Chemung,36,15,36015,14845,
Schuyler,36,97,36097,14845,
Livingston,36,51,36051,14846,
Allegany,36,3,36003,14846,
Seneca,36,99,36099,14847,
Tompkins,36,109,36109,14850,
Tompkins,36,109,36109,14851,
Tompkins,36,109,36109,14852,
Tompkins,36,109,36109,14853,
Tompkins,36,109,36109,14854,
Steuben,36,101,36101,14855,
Steuben,36,101,36101,14856,
Yates,36,123,36123,14857,
Steuben,36,101,36101,14858,
Chemung,36,15,36015,14859,
Tioga,36,107,36107,14859,
Seneca,36,99,36099,14860,
Chemung,36,15,36015,14861,
Schuyler,36,97,36097,14863,
Schuyler,36,97,36097,14864,
Chemung,36,15,36015,14864,
Schuyler,36,97,36097,14865,
Tompkins,36,109,36109,14867,
Schuyler,36,97,36097,14869,
Schuyler,36,97,36097,14870,
Steuben,36,101,36101,14870,
Chemung,36,15,36015,14871,
Steuben,36,101,36101,14871,
Chemung,36,15,36015,14872,
Steuben,36,101,36101,14873,
Steuben,36,101,36101,14874,
Schuyler,36,97,36097,14876,
Steuben,36,101,36101,14877,
Schuyler,36,97,36097,14878,
Yates,36,123,36123,14878,
Steuben,36,101,36101,14879,
Allegany,36,3,36003,14880,
Tompkins,36,109,36109,14881,
Cayuga,36,11,36011,14882,
Tompkins,36,109,36109,14882,
Tompkins,36,109,36109,14883,
Tioga,36,107,36107,14883,
Allegany,36,3,36003,14884,
Steuben,36,101,36101,14885,
Schuyler,36,97,36097,14886,
Seneca,36,99,36099,14886,
Tompkins,36,109,36109,14886,
Schuyler,36,97,36097,14887,
Tioga,36,107,36107,14889,
Schuyler,36,97,36097,14889,
Chemung,36,15,36015,14889,
Schuyler,36,97,36097,14891,
Chemung,36,15,36015,14892,
Tioga,36,107,36107,14892,
Schuyler,36,97,36097,14893,
Chemung,36,15,36015,14894,
Allegany,36,3,36003,14895,
Allegany,36,3,36003,14897,
Steuben,36,101,36101,14897,
Steuben,36,101,36101,14898,
Chemung,36,15,36015,14901,
Chemung,36,15,36015,14902,
Chemung,36,15,36015,14903,
Chemung,36,15,36015,14904,
Chemung,36,15,36015,14905,
Chemung,36,15,36015,14925,
