zipcode,total_score,housing,neighborhood,transportation,environment,health,engagement,opportunity
501,45,40,54,37,32,47,32,76
544,48,16,57,38,64,47,42,69
6390,48,29,21,66,63,62,59,33
10001,64,52,90,98,58,78,59,13
10002,58,47,81,91,53,50,46,39
10002,70,80,10,10,58,64,56,33
10003,64,49,94,10,58,78,62,6
10005,57,27,85,10,37,81,59,8
10006,55,23,81,10,30,81,61,6
10007,61,19,93,10,52,80,63,18
10008,61,19,93,10,52,80,63,18
10009,65,70,90,10,47,57,61,27
10010,62,28,93,10,58,80,61,12
10011,62,34,92,10,58,69,62,18
10012,63,32,89,10,58,79,62,20
10013,61,18,91,10,50,80,62,24
10014,65,44,94,10,58,78,63,16
10015,61,19,93,10,52,80,63,18
10016,64,41,90,10,58,81,61,16
10017,63,42,95,10,46,82,61,13
10018,56,39,89,91,30,77,57,12
10019,61,22,87,10,58,76,62,21
10020,62,32,89,10,58,79,62,16
10021,64,37,88,10,58,80,61,26
10022,63,31,90,10,58,78,61,20
10023,60,19,89,10,58,79,62,11
10024,65,60,89,98,58,76,55,20
10025,69,66,95,10,58,76,62,25
10026,63,66,89,10,58,45,62,18
10027,62,77,88,10,58,45,43,23
10028,64,37,90,10,58,80,61,19
10029,68,84,95,10,58,52,54,32
10030,62,63,89,10,58,43,62,17
10031,63,78,91,10,58,49,43,20
10032,59,50,90,10,58,52,43,21
10033,59,50,96,10,45,57,44,23
10034,54,50,88,99,29,50,44,17
10035,61,59,89,10,58,40,61,18
10036,67,89,94,10,58,54,62,10
10037,52,41,86,83,58,55,43,0<
10038,60,22,93,10,58,77,61,11
10039,62,65,90,10,58,45,55,18
10040,60,48,91,10,58,60,44,18
10041,55,19,82,10,32,78,58,13
10043,57,27,85,10,37,81,59,8<
10044,53,20,82,73,58,67,56,15
10045,61,23,93,10,58,81,63,9<
10046,61,19,93,10,52,80,63,18
10047,58,25,90,10,34,81,63,10
10048,61,19,93,10,52,80,63,18
10055,59,19,86,10,58,67,62,19
10060,52,41,72,54,58,74,54,11
10069,53,20,87,80,26,82,54,22
10072,64,52,90,98,58,78,59,13
10079,64,52,90,98,58,78,59,13
10080,59,33,88,87,37,80,64,23
10081,57,27,85,10,37,81,59,8<
10082,61,29,88,10,58,79,62,13
10087,61,19,93,10,52,80,63,18
10090,52,41,72,54,58,74,54,11
10094,38,41,69,56,26,29,29,18
10095,52,41,72,54,58,74,54,11
10096,62,32,93,10,58,78,63,10
10098,64,52,90,98,58,78,59,13
10099,66,60,92,10,58,72,62,17
10101,67,63,88,10,58,75,62,21
10102,52,41,72,54,58,74,54,11
10103,62,32,89,10,58,79,62,16
10104,63,49,80,10,58,77,62,17
10105,61,22,83,10,58,80,62,21
10106,61,26,83,10,58,80,62,16
10107,63,27,90,10,58,80,62,22
10108,62,42,88,10,58,72,62,14
10109,52,41,72,54,58,74,54,11
10110,59,35,89,99,58,72,62,0<
10111,62,32,89,10,58,79,62,16
10112,62,32,89,10,58,79,62,16
10113,61,22,10,10,58,77,62,10
10114,52,41,72,54,58,74,54,11
10115,54,35,84,78,34,80,51,17
10116,64,52,90,98,58,78,59,13
10117,52,41,72,54,58,74,54,11
10118,62,36,92,10,58,80,62,6<
10119,62,32,93,10,58,76,62,11
10120,62,24,90,99,58,83,62,20
10121,62,32,93,10,58,76,62,11
10122,62,36,92,10,58,80,62,6<
10123,62,24,90,99,58,83,62,20
10124,61,19,93,10,52,80,63,18
10125,52,41,72,54,58,74,54,11
10126,52,41,72,54,58,74,54,11
10128,65,39,94,10,58,76,61,26
10129,63,52,91,99,58,71,62,11
10130,61,19,93,10,52,80,63,18
10131,61,19,93,10,52,80,63,18
10132,52,41,72,54,58,74,54,11
10133,52,41,72,54,58,74,54,11
10138,52,41,72,54,58,74,54,11
10149,67,63,88,10,58,75,62,21
10150,63,31,90,10,58,78,61,20
10151,61,27,88,10,58,81,61,15
10152,61,24,90,10,58,78,61,16
10153,62,30,88,10,58,79,62,15
10154,61,24,90,10,58,78,61,16
10155,61,41,88,10,35,81,61,20
10156,62,24,93,10,58,81,61,17
10157,52,41,72,54,58,74,54,11
10159,67,70,94,10,58,77,61,6<
10160,52,41,72,54,58,74,54,11
10161,52,41,72,54,58,74,54,11
10162,56,23,87,90,30,78,61,26
10163,62,37,89,10,58,80,61,12
10164,61,19,93,10,52,80,63,18
10165,59,35,89,99,58,72,62,0<
10166,62,37,89,10,58,80,61,12
10167,62,37,89,10,58,80,61,12
10168,62,37,89,10,58,80,61,12
10169,59,35,89,99,58,72,62,0<
10170,62,37,89,10,58,80,61,12
10171,62,37,89,10,58,80,61,12
10172,62,37,89,10,58,80,61,12
10173,59,35,89,99,58,72,62,0<
10174,62,37,89,10,58,80,61,12
10175,60,34,86,99,58,78,62,6<
10176,59,35,89,99,58,72,62,0<
10177,59,35,89,99,58,72,62,0<
10178,63,40,90,10,58,79,61,13
10179,59,35,89,99,58,72,62,0<
10184,62,32,93,10,58,78,63,10
10185,59,19,86,10,58,67,62,19
10196,62,32,93,10,58,78,63,10
10197,62,32,93,10,58,78,63,10
10199,69,93,98,83,58,72,62,18
10203,52,41,72,54,58,74,54,11
10211,52,41,72,54,58,74,54,11
10212,52,41,72,54,58,74,54,11
10213,52,41,72,54,58,74,54,11
10242,61,19,93,10,52,80,63,18
10249,61,19,93,10,52,80,63,18
10256,61,19,93,10,52,80,63,18
10257,52,41,72,54,58,74,54,11
10258,52,41,72,54,58,74,54,11
10259,61,19,93,10,52,80,63,18
10260,61,19,93,10,52,80,63,18
10261,61,19,93,10,52,80,63,18
10265,57,27,85,10,37,81,59,8<
10268,61,19,93,10,52,80,63,18
10269,61,19,93,10,52,80,63,18
10270,57,27,85,10,37,81,59,8<
10271,57,27,85,10,37,81,59,8<
10272,56,21,92,10,35,81,59,7<
10273,52,41,72,54,58,74,54,11
10274,61,19,93,10,52,80,63,18
10275,61,19,93,10,52,80,63,18
10276,64,49,94,10,58,78,62,6<
10277,61,19,93,10,52,80,63,18
10278,62,32,93,10,58,78,63,10
10279,62,32,93,10,58,78,63,10
10280,56,19,90,99,24,81,63,13
10281,59,33,88,87,37,80,64,23
10282,57,27,88,97,32,80,62,16
10285,59,33,88,87,37,80,64,23
10286,61,19,93,10,52,80,63,18
10292,52,41,72,54,58,74,54,11
10301,54,59,64,81,39,35,56,46
10302,51,27,58,76,39,38,62,55
10303,52,37,64,77,39,39,59,48
10304,50,24,65,80,39,33,54,57
10305,56,36,69,81,39,56,52,61
10306,53,31,60,76,39,58,56,48
10307,52,34,69,70,39,54,45,55
10308,53,27,80,60,39,55,54,57
10309,50,25,63,68,39,52,48,53
10310,52,20,69,76,39,40,60,61
10311,50,33,60,61,37,54,54,52
10312,54,36,63,78,39,53,54,55
10313,54,44,67,71,39,54,50,52
10314,52,39,59,77,23,54,59,55
10451,48,41,73,79,57,39,28,18
10452,57,49,91,96,57,31,34,44
10453,60,73,90,87,57,28,39,43
10454,58,59,91,95,57,32,38,34
10455,57,60,85,94,57,28,38,40
10456,55,59,77,10,57,22,33,35
10457,62,79,89,99,57,30,34,44
10458,53,49,90,10,31,29,32,37
10459,58,57,86,94,57,26,30,54
10460,57,73,90,95,30,29,33,51
10461,53,35,79,92,57,44,41,23
10462,59,47,81,10,57,38,41,47
10463,61,40,89,93,57,63,40,48
10464,47,56,33,54,43,57,43,42
10465,49,41,67,86,37,44,43,23
10466,53,32,71,82,57,48,42,41
10467,58,61,71,98,49,40,40,44
10468,60,53,90,10,57,39,32,46
10469,57,36,82,98,50,45,41,46
10470,56,41,80,76,57,55,42,44
10471,54,28,81,75,39,71,39,47
10472,49,53,88,69,23,27,34,46
10473,54,43,79,83,57,33,35,46
10474,59,70,84,97,57,27,38,40
10475,52,10,65,72,35,50,36,9<
10499,58,79,84,86,57,24,32,44
10501,50,13,48,39,51,81,58,57
10502,52,9<,81,46,37,70,61,60
10503,52,43,60,52,35,76,63,36
10504,52,11,67,32,38,81,75,58
10505,53,32,48,39,51,81,60,57
10506,50,11,52,50,40,81,77,42
10507,52,46,53,37,32,81,70,44
10509,61,41,70,58,69,63,57,69
10510,55,33,71,43,48,76,66,50
10511,49,29,52,47,45,69,55,48
10512,57,19,53,53,76,63,56,78
10514,54,16,63,45,51,81,71,52
10516,63,40,72,60,76,67,53,74
10517,51,27,46,41,51,69,59,61
10520,56,21,76,54,52,76,63,49
10521,57,35,78,42,52,76,64,49
10522,59,43,75,60,52,70,65,51
10523,49,35,71,48,23,76,57,32
10526,53,19,43,41,46,81,71,67
10527,50,13,48,39,51,81,58,57
10528,63,40,75,74,52,73,65,59
10530,57,46,70,58,51,71,61,45
10532,53,16,68,52,39,71,65,62
10533,50,18,60,41,33,76,61,59
10535,49,31,60,38,40,69,58,46
10536,55,23,75,40,33,81,66,64
10538,55,15,87,63,41,64,63,53
10540,49,13,47,44,51,81,56,54
10541,57,27,62,49,76,63,54,66
10542,53,11,48,46,76,63,58,72
10543,65,51,85,74,52,73,64,57
10545,53,32,64,50,52,76,57,37
10546,45,12,47,37,39,76,64,37
10547,52,34,54,52,52,69,56,44
10548,50,25,57,46,51,69,59,46
10549,60,60,75,49,36,81,73,46
10550,57,40,86,72,52,50,63,33
10551,55,33,84,76,52,49,61,32
10552,51,51,74,60,31,57,62,22
10553,53,36,84,64,39,51,63,32
10557,61,65,84,76,52,50,63,35
10558,61,65,84,76,52,50,63,35
10560,49,27,46,42,51,73,58,43
10562,52,39,70,59,21,76,67,35
10566,63,76,83,76,52,69,58,24
10567,48,16,55,42,51,69,57,45
10570,58,37,85,57,35,81,69,44
10571,58,36,84,53,29,81,67,57
10572,58,36,84,53,29,81,67,57
10573,54,20,77,56,52,73,62,38
10576,50,3<,41,52,51,81,82,38
10577,49,7<,66,44,37,71,62,58
10578,50,12,55,39,39,81,62,63
10580,54,26,81,51,27,73,67,56
10583,56,14,77,63,52,71,56,57
10587,49,13,47,44,51,81,56,54
10588,53,45,70,31,43,69,57,54
10589,52,39,51,46,52,81,58,38
10591,69,67,91,74,52,76,69,51
10594,56,22,70,50,41,81,70,55
10595,50,17,61,48,35,71,64,53
10596,52,34,57,51,44,69,60,52
10598,60,62,57,50,51,81,64,52
10601,57,52,83,77,18,71,64,31
10602,63,69,91,74,38,71,61,39
10603,54,34,59,54,46,71,61,51
10604,60,47,73,69,52,71,64,45
10605,60,54,74,65,52,71,66,40
10606,55,27,70,57,52,71,65,43
10607,53,21,79,56,38,71,61,47
10610,49,7<,66,44,37,71,62,58
10701,58,77,78,78,39,44,62,27
10702,55,69,81,70,31,46,62,26
10703,49,18,69,60,42,57,67,31
10704,51,35,70,59,32,57,65,41
10705,58,57,76,80,52,45,65,34
10706,47,16,70,46,33,59,61,43
10707,60,52,87,62,45,67,61,45
10708,57,43,76,80,44,67,56,36
10709,55,13,86,59,52,67,58,51
10710,51,26,56,59,52,67,61,39
10801,56,63,84,65,31,52,61,34
10802,58,51,87,72,32,59,63,39
10803,50,6<,65,57,52,64,60,49
10804,47,3<,53,55,52,70,58,36
10805,57,44,74,60,52,62,65,39
10901,57,36,69,64,36,63,67,66
10910,49,31,40,36,47,52,60,75
10911,46,24,49,38,34,56,68,52
10913,50,18,65,42,21,56,74,71
10914,49,25,42,51,58,54,51,65
10916,51,19,50,51,58,54,48,78
10917,52,23,59,54,59,54,43,71
10918,45,24,63,50,16,52,47,66
10920,51,24,61,50,46,56,63,58
10921,53,32,62,56,59,52,47,65
10922,48,33,44,47,45,54,52,62
10923,56,30,79,51,46,56,68,59
10924,55,43,70,56,51,52,42,74
10925,54,22,60,70,59,54,48,63
10926,54,41,60,54,58,52,43,72
10927,55,44,67,60,36,56,70,52
10928,60,43,67,77,58,54,55,66
10930,52,36,61,44,42,54,51,73
10931,51,33,53,30,31,63,70,79
10932,49,37,44,57,58,51,35,59
10940,58,54,66,79,59,51,36,59
10941,49,29,50,60,59,51,36,61
10943,47,50,54,46,45,51,35,51
10950,51,25,51,52,58,52,42,75
10952,50,37,63,52,46,54,66,29
10953,49,16,43,42,45,54,62,79
10954,54,51,78,48,25,56,64,57
10956,49,22,60,47,32,56,65,64
10959,50,43,38,55,54,54,42,62
10960,57,31,82,67,34,56,77,54
10962,53,34,71,44,28,56,75,66
10963,50,34,41,54,58,51,43,69
10964,49,11,54,51,30,56,78,65
10965,56,25,75,59,46,56,70,63
10968,54,24,68,56,46,56,72,57
10969,50,25,42,54,58,54,48,66
10970,52,45,58,59,30,63,66,40
10974,48,27,57,33,26,63,65,68
10975,49,31,40,36,47,52,60,75
10976,54,24,68,56,46,56,72,57
10977,56,50,74,62,46,54,67,39
10979,49,19,40,56,58,53,51,64
10980,50,17,56,49,46,56,70,57
10981,50,20,45,58,58,52,46,72
10982,49,30,59,41,30,63,64,57
10983,52,22,66,49,31,56,77,61
10984,49,19,54,46,46,56,62,60
10986,48,20,52,40,45,56,64,59
10987,52,35,38,55,53,53,65,66
10988,50,31,39,57,58,51,49,65
10989,53,31,65,50,46,56,70,54
10990,56,48,55,74,55,54,41,66
10992,51,19,58,56,59,54,45,68
10993,53,37,57,52,46,56,68,53
10994,48,22,62,35,27,56,65,67
10996,44,22,47,58,19,54,54,52
10997,44,22,47,58,19,54,54,52
10998,50,31,39,57,58,51,49,65
11001,62,16,82,62,74,68,60,72
11002,64,48,88,69,59,68,56,62
11003,60,37,80,61,57,69,56,62
11004,58,8<,77,76,58,81,49,54
11005,52,52,60,57,39,90,52,13
11010,61,42,87,64,52,69,53,62
11020,59,15,70,54,74,75,65,60
11021,65,43,80,61,74,75,67,56
11022,71,52,84,73,74,75,72,64
11023,61,19,69,57,74,75,71,61
11024,66,33,72,59,74,75,75,72
11025,61,19,69,57,74,75,71,61
11026,62,20,79,59,74,75,66,58
11027,62,20,79,59,74,75,66,58
11030,62,25,79,59,55,75,68,70
11040,58,29,78,59,47,68,59,63
11041,61,36,81,66,55,68,61,60
11042,50,8<,62,36,52,75,65,52
11043,61,36,81,66,55,68,61,60
11044,61,36,81,66,55,68,61,60
11050,66,31,74,69,74,75,76,63
11051,65,25,80,55,74,75,78,67
11052,65,25,80,55,74,75,78,67
11053,65,25,80,55,74,75,78,67
11054,65,25,80,55,74,75,78,67
11055,65,25,80,55,74,75,78,67
11096,60,63,68,76,48,45,66,56
11099,61,36,81,66,55,68,61,60
11101,52,30,80,10,30,56,41,27
11102,58,41,86,94,37,55,42,51
11103,61,43,83,91,58,56,42,57
11104,59,45,94,10,27,58,39,47
11105,57,41,86,83,58,53,43,37
11106,58,53,82,92,58,59,24,35
11109,49,28,73,76,37,62,36,34
11120,53,28,78,95,37,61,39,34
11201,59,48,83,98,54,43,44,43
11202,59,48,83,98,54,43,44,43
11203,60,53,70,99,69,34,46,46
11204,52,34,82,77,69,39,45,17
11205,60,60,81,95,69,37,46,30
11206,57,54,80,99,69,26,42,27
11207,61,86,81,92,44,36,45,45
11208,58,44,78,98,67,34,47,40
11209,64,71,82,93,69,54,44,34
11210,56,27,73,89,69,44,47,46
11211,55,35,81,10,45,55,43,25
11212,56,47,84,10,69,31,28,31
11213,56,51,85,98,69,27,39,26
11214,62,49,85,91,69,53,46,40
11215,61,36,86,95,69,61,46,32
11216,57,67,84,97,69,37,27,18
11217,58,35,81,99,69,45,46,32
11218,58,46,87,10,34,47,46,45
11219,54,25,75,96,69,38,45,28
11220,58,51,80,95,64,43,42,31
11221,54,50,79,10,69,31,27,21
11222,63,48,86,10,69,57,46,38
11223,61,45,76,87,69,49,50,51
11224,56,62,56,79,69,50,53,25
11225,57,44,76,94,69,37,36,45
11226,60,54,83,99,69,35,39,41
11228,61,47,75,89,69,58,49,37
11229,59,46,69,94,69,49,49,35
11230,60,40,76,96,69,50,43,49
11231,56,38,86,93,49,62,28,39
11232,55,48,81,95,37,41,47,33
11233,57,49,69,90,69,33,40,47
11234,59,28,79,82,69,57,44,51
11235,53,46,76,86,41,45,44,31
11236,59,31,75,92,69,49,47,47
11237,59,47,77,98,69,37,45,37
11238,57,29,85,97,69,47,40,34
11239,60,54,85,84,69,41,45,44
11240,58,50,87,93,69,38,27,44
11241,58,27,88,10,69,53,47,21
11242,62,32,91,10,69,55,47,37
11243,57,24,81,10,69,46,45,36
11244,64,47,86,10,69,53,47,43
11245,57,27,85,10,69,43,45,27
11247,64,71,84,91,69,38,46,47
11248,64,47,86,10,69,53,47,43
11249,55,31,71,10,69,51,40,24
11251,47,41,75,72,47,42,36,15
11252,42,18,58,62,44,55,36,22
11254,64,47,86,10,69,53,47,43
11255,64,47,86,10,69,53,47,43
11256,56,52,70,82,54,45,42,44
11351,49,25,65,63,39,59,45,50
11352,62,48,87,87,58,55,46,51
11354,57,18,88,83,58,65,46,41
11355,61,50,73,88,58,63,46,50
11356,58,33,80,93,58,57,44,40
11357,52,41,70,71,35,62,47,41
11358,57,42,76,87,30,62,48,52
11359,47,41,53,68,41,57,37,35
11360,58,80,75,56,31,67,50,50
11361,55,26,79,67,32,64,48,66
11362,54,9<,80,66,36,79,47,59
11363,54,6<,69,63,58,83,49,52
11364,52,11,72,76,29,68,48,59
11365,57,20,75,82,39,67,45,69
11366,59,35,64,90,58,64,46,54
11367,62,53,76,91,58,60,41,55
11368,58,39,90,97,58,38,44,38
11369,56,34,79,92,58,41,42,49
11370,52,40,69,80,38,49,39,52
11371,42,41,61,58,30,57,25,22
11372,57,47,82,10,58,46,25,41
11373,60,44,82,98,58,50,43,44
11374,60,44,80,92,42,62,39,59
11375,56,26,71,69,58,68,42,55
11377,54,42,78,88,31,55,43,42
11378,56,43,84,89,36,48,40,49
11379,55,41,71,85,58,59,32,37
11380,61,47,84,10,58,49,43,46
11381,58,52,80,76,58,55,38,49
11385,60,48,84,94,58,52,38,48
11386,58,37,74,88,58,51,42,58
11390,61,50,73,88,58,63,46,50
11405,64,77,82,95,58,37,41,60
11411,56,26,75,78,58,54,50,49
11412,56,31,67,84,58,48,49,56
11413,58,34,73,80,58,51,50,57
11414,54,41,71,80,58,58,43,28
11415,61,35,80,84,58,61,45,62
11416,61,36,78,96,58,60,43,55
11417,57,36,78,82,58,58,44,40
11418,58,39,81,81,58,60,44,43
11419,57,30,75,92,58,55,46,41
11420,55,26,79,86,58,49,48,38
11421,63,42,86,94,58,56,44,58
11422,58,24,81,79,58,60,50,57
11423,53,26,72,85,37,57,44,51
11424,52,49,74,77,24,57,36,44
11425,52,14,74,64,58,53,48,54
11426,57,28,75,79,58,76,46,40
11427,54,28,74,83,39,63,45,43
11428,58,29,81,83,58,58,49,46
11429,53,26,66,75,50,50,50,53
11430,43,23,62,58,24,51,40,42
11431,56,49,87,98,27,37,42,53
11432,59,45,84,10,25,52,46,61
11433,55,27,73,89,58,34,47,58
11434,50,31,65,65,28,52,45,63
11435,56,38,69,97,56,34,47,51
11436,56,26,79,87,41,51,46,63
11439,51,30,61,74,39,67,43,45
11451,52,41,77,77,58,46,37,25
11499,39,41,44,43,28,57,45,16
11501,67,45,86,73,74,68,57,63
11507,60,20,72,60,74,68,60,69
11509,53,16,50,59,74,66,60,43
11510,58,27,75,55,59,65,56,70
11514,62,36,78,50,74,68,57,70
11516,61,37,69,71,74,55,62,61
11518,61,38,78,59,74,65,56,58
11520,60,30,81,60,72,65,58,52
11530,59,25,67,62,74,68,53,64
11531,53,21,66,35,61,68,55,64
11536,59,36,63,55,74,68,54,60
11542,65,48,78,59,74,64,77,56
11545,61,26,78,57,58,64,73,73
11547,57,25,63,52,53,64,68,71
11548,54,29,64,52,49,64,66,51
11549,54,36,71,45,58,68,52,45
11550,56,50,84,62,50,62,54,32
11551,55,54,76,61,52,62,54,26
11552,58,24,86,61,56,62,53,63
11553,60,41,86,56,74,56,57,52
11554,59,20,74,57,74,56,55,80
11555,54,40,73,55,56,56,54,47
11556,50,25,71,36,52,56,51,56
11557,60,24,69,57,74,65,58,74
11558,62,48,76,64,74,66,61,47
11559,53,18,72,53,66,55,65,41
11560,63,27,69,55,74,64,79,76
11561,61,34,69,73,74,66,57,57
11563,58,42,76,61,58,65,57,49
11565,54,27,80,48,54,62,51,53
11566,56,23,77,46,55,65,56,67
11568,50,10,56,28,56,68,60,70
11569,57,21,63,55,74,66,62,60
11570,56,38,68,55,52,62,53,65
11571,56,38,68,55,52,62,53,65
11572,62,43,77,56,74,65,57,63
11575,55,24,71,57,74,56,55,48
11576,61,35,78,55,59,75,62,64
11577,56,16,75,37,48,75,61,81
11579,62,22,76,52,74,64,73,74
11580,60,29,69,64,74,69,56,62
11581,58,16,68,59,74,69,55,65
11582,65,56,83,73,58,69,56,62
11590,59,34,79,55,74,68,60,46
11592,63,44,88,62,59,62,56,72
11594,60,45,76,50,60,68,59,65
11595,59,34,79,55,74,68,60,46
11596,65,40,82,62,74,68,61,69
11597,60,45,76,50,60,68,59,65
11598,55,27,63,60,74,55,53,56
11599,54,36,71,45,58,68,52,45
11690,58,40,76,72,55,45,64,53
11691,60,62,72,85,58,33,55,52
11692,57,31,58,90,58,34,66,59
11693,59,42,69,94,58,33,68,52
11694,57,17,65,79,58,50,69,61
11695,58,40,76,72,55,45,64,53
11697,51,45,55,54,58,47,52,47
11701,54,37,62,50,64,62,50,51
11702,54,48,84,42,42,57,35,72
11703,49,25,58,49,39,57,52,61
11704,53,39,55,55,48,57,49,66
11705,49,24,54,43,54,47,50,73
11706,57,46,63,63,59,55,52,58
11707,56,34,68,48,64,57,52,70
11708,59,47,74,57,64,62,52,60
11709,60,21,62,51,74,64,76,72
11710,56,34,79,49,51,56,56,65
11713,49,40,55,45,64,47,36,58
11714,57,16,70,57,74,63,53,64
11715,52,30,67,47,64,47,36,72
11716,52,26,59,44,50,55,50,79
11717,54,29,74,54,64,55,53,46
11718,56,28,65,59,64,55,50,73
11719,44,27,44,39,64,47,36,54
11720,50,22,50,48,50,62,49,69
11721,53,19,50,49,64,58,56,76
11722,51,23,57,58,64,57,49,52
11724,52,14,57,45,57,58,59,76
11725,51,24,58,41,47,57,55,74
11726,53,40,70,44,44,62,50,58
11727,48,41,50,45,45,62,33,62
11729,54,33,67,51,44,57,53,73
11730,53,25,66,49,64,55,50,63
11731,55,25,61,50,64,58,51,75
11732,56,17,66,40,68,64,69,71
11733,53,25,49,44,64,62,52,72
11735,51,34,55,41,45,58,52,75
11736,57,58,72,47,47,63,57,58
11737,57,58,72,47,47,63,57,58
11738,51,32,58,41,48,62,44,75
11739,49,20,53,37,55,55,49,75
11740,59,30,69,52,64,58,54,88
11741,52,29,53,51,64,47,51,67
11742,45,40,54,37,32,47,32,76
11743,53,28,64,51,44,58,60,69
11746,54,31,65,51,49,58,59,63
11747,52,21,58,52,51,58,53,70
11749,45,26,54,33,42,57,49,54
11750,47,22,48,37,48,58,56,62
11751,51,29,65,43,45,55,49,68
11752,46,19,54,35,44,55,49,68
11753,57,14,73,50,66,71,58,69
11754,59,69,65,54,64,57,58,45
11755,55,26,58,52,64,63,51,74
11756,56,33,76,51,54,63,54,63
11757,58,55,72,53,64,57,52,55
11758,57,20,74,57,57,67,52,73
11760,51,41,52,33,45,58,54,71
11762,57,21,70,65,56,67,55,68
11763,51,35,55,51,64,62,34,53
11764,48,27,47,40,50,62,34,75
11765,56,17,48,52,74,64,75,62
11766,50,41,54,39,64,62,33,54
11767,53,22,58,48,64,57,51,70
11768,57,24,65,53,64,58,55,77
11769,51,22,57,47,60,55,49,66
11770,47,28,29,46,55,55,61,54
11771,65,40,83,54,74,64,78,59
11772,49,26,62,43,50,47,46,67
11773,51,41,52,33,45,58,54,71
11774,57,58,72,47,47,63,57,58
11775,51,41,52,33,45,58,54,71
11776,53,44,62,47,50,62,47,61
11777,57,38,66,52,64,62,51,66
11778,52,29,50,52,64,62,38,72
11779,53,29,59,48,64,57,49,62
11780,56,23,64,59,64,57,46,79
11782,56,30,55,46,64,55,55,88
11783,55,33,79,39,49,67,55,64
11784,47,25,60,45,47,62,32,57
11786,47,21,44,41,43,62,40,76
11787,54,34,70,49,48,57,53,68
11788,49,26,54,33,47,57,49,80
11789,53,26,52,51,64,62,37,78
11790,53,14,55,50,64,63,54,73
11791,59,22,62,44,74,71,63,75
11792,48,26,47,37,64,62,45,56
11793,58,23,84,50,53,63,56,74
11794,48,41,49,40,63,63,35,48
11795,52,21,60,51,46,57,49,82
11796,54,27,50,51,64,55,51,77
11797,54,30,61,35,54,71,58,67
11798,54,30,65,56,64,57,53,56
11801,55,32,66,46,61,64,57,56
11802,54,39,63,51,55,64,59,47
11803,58,19,78,50,74,64,59,62
11804,56,21,60,51,74,64,56,69
11815,55,32,66,46,61,64,57,56
11819,59,42,77,57,55,64,59,58
11853,54,29,71,40,49,71,60,58
11854,59,42,77,57,55,64,59,58
11855,54,39,63,51,55,64,59,47
11901,51,40,67,39,64,58,37,53
11930,49,40,51,43,64,60,44,43
11931,43,27,36,35,64,58,39,40
11932,42,26,39,43,54,60,51,23
11933,46,29,36,44,64,58,41,50
11934,50,36,60,42,64,47,34,70
11935,49,34,40,39,64,68,48,53
11937,51,23,54,49,64,60,45,63
11939,50,42,35,49,63,68,57,38
11940,48,22,47,43,64,58,38,62
11941,44,34,40,33,51,58,37,56
11942,47,31,40,43,64,60,40,52
11944,58,45,56,57,64,68,52,65
11946,53,37,55,45,64,60,42,66
11947,47,37,37,39,64,58,42,53
11948,48,32,41,32,63,58,50,59
11949,48,34,54,31,50,58,39,70
11950,45,22,52,46,64,47,36,49
11951,47,29,48,51,64,47,37,55
11952,48,32,39,44,64,58,52,50
11953,52,57,50,38,64,62,37,57
11954,44,16,30,42,64,60,57,41
11955,44,44,44,43,64,47,35,32
11956,49,34,35,47,63,68,49,47
11957,48,37,24,47,63,68,61,35
11958,49,42,34,37,64,68,49,49
11959,48,36,45,49,64,60,46,37
11960,47,32,45,39,64,58,41,51
11961,50,62,45,47,64,62,39,31
11962,47,28,30,41,64,60,53,51
11963,53,39,58,43,64,60,48,56
11964,51,33,42,50,64,68,48,53
11965,50,27,38,53,63,68,48,53
11967,47,29,55,43,64,47,36,56
11968,49,40,43,41,57,60,53,49
11969,51,39,48,46,54,60,53,58
11970,44,22,38,38,63,58,41,50
11971,54,29,56,49,63,68,48,68
11972,47,32,45,39,64,58,41,51
11973,39,53,22,40,22,62,41,36
11975,47,33,34,41,64,60,47,52
11976,44,18,36,44,49,60,50,53
11977,47,20,42,44,64,58,44,57
11978,54,37,49,54,64,58,45,68
11980,43,25,45,25,48,47,43,65
12008,52,37,48,42,61,53,40,85
12009,62,52,57,44,73,59,79,70
12010,56,66,65,69,66,37,40,50
12015,46,45,54,54,47,27,48,47
12016,47,44,29,42,63,37,54,58
12018,53,59,46,43,42,44,65,69
12019,57,61,54,51,60,54,51,71
12020,62,60,75,56,61,61,53,70
12024,52,52,33,40,66,52,74,44
12025,47,50,44,52,54,39,42,48
12027,57,50,57,40,60,54,50,87
12028,48,58,29,38,41,53,48,71
12032,44,57,24,37,53,39,58,41
12033,55,59,55,42,37,53,64,75
12035,48,52,33,37,46,44,49,78
12037,56,60,48,44,66,52,73,48
12043,51,72,54,51,46,44,44,44
12045,50,59,36,31,28,59,69,67
12047,63,10,59,74,56,50,50,49
12050,49,41,38,51,66,41,65,42
12051,50,47,53,55,35,39,62,56
12052,49,50,32,40,41,44,70,68
12053,48,40,31,26,60,53,63,66
12055,52,46,30,37,73,59,57,62
12056,48,40,31,26,60,53,63,66
12057,46,45,31,37,49,48,50,61
12060,51,42,33,34,66,52,81,46
12061,51,50,51,45,39,53,48,74
12062,51,45,34,36,41,52,72,76
12064,45,49,28,38,50,49,55,46
12066,49,51,30,22,60,53,57,71
12068,52,64,56,54,45,37,43,62
12069,42,47,33,40,66,37,38,32
12070,47,55,37,46,66,37,38,48
12072,48,55,36,37,66,37,43,59
12073,46,51,27,36,46,43,48,74
12074,52,45,31,36,60,54,70,65
12075,48,45,33,42,66,41,70,41
12078,48,60,56,63,53,39,35,31
12083,43,47,38,41,47,39,46,40
12084,61,62,58,45,60,59,67,73
12085,60,48,35,54,73,59,75,74
12086,45,52,38,48,66,37,40,35
12089,48,46,31,35,41,53,55,74
12090,52,59,53,53,31,53,47,69
12092,47,56,29,43,46,44,48,62
12095,51,53,64,62,52,39,37,53
12106,49,44,41,41,66,41,75,33
12108,51,52,24,57,62,57,62,40
12115,46,38,31,31,66,53,62,39
12117,46,49,41,48,53,39,41,53
12118,60,65,65,53,61,50,53,75
12120,51,46,22,34,73,59,60,65
12121,47,39,41,50,41,44,51,62
12122,52,55,49,64,46,44,47,62
12123,55,54,39,53,41,53,74,74
12124,41,28,39,37,36,39,57,49
12130,50,36,40,48,66,53,75,34
12132,49,44,33,41,66,53,67,40
12133,48,46,31,35,41,53,55,74
12134,45,50,42,41,53,39,45,47
12136,50,46,32,37,66,52,64,50
12137,48,34,28,32,60,53,66,63
12139,48,54,21,50,62,52,62,38
12140,50,44,35,45,41,44,57,84
12141,48,40,31,26,60,53,63,66
12143,59,61,45,51,65,59,64,65
12144,52,44,60,55,42,53,41,66
12148,52,41,41,49,56,54,45,75
12149,49,69,41,31,46,44,45,68
12150,45,50,34,37,8<,53,51,81
12151,54,52,50,41,45,61,52,79
12154,50,49,38,53,41,44,60,68
12155,49,59,34,41,50,49,60,49
12156,49,47,42,33,36,53,60,73
12157,48,57,37,42,46,44,47,66
12159,58,36,53,55,73,59,66,61
12160,49,56,32,31,46,38,55,82
12164,51,52,24,57,62,57,62,40
12167,50,67,37,65,53,39,56,30
12168,48,47,28,37,41,52,69,62
12170,54,51,41,50,60,50,55,68
12172,52,62,35,54,67,41,63,41
12173,49,44,32,42,66,41,71,50
12174,49,44,32,42,66,41,71,50
12176,43,36,30,43,47,39,60,44
12177,47,55,37,46,66,37,38,48
12180,58,63,69,91,42,44,42,56
12181,58,68,63,84,42,44,46,56
12182,60,82,58,83,42,44,43,66
12183,54,67,57,63,50,50,49,43
12184,53,50,44,45,65,53,75,41
12185,50,44,42,48,41,44,62,68
12186,58,41,51,52,73,59,59,68
12187,44,46,35,33,46,44,44,61
12188,62,62,71,74,61,50,44,69
12189,62,73,58,69,74,50,54,55
12190,50,58,25,55,62,57,62,28
12192,40,39,32,51,24,27,57,50
12195,52,52,33,40,66,52,74,44
12196,53,55,53,49,42,53,51,69
12197,49,56,49,47,50,49,57,35
12198,54,57,65,56,42,44,43,68
12201,61,10,57,77,55,44,56,40
12202,64,96,67,88,60,41,50,47
12203,59,53,59,60,74,60,57,51
12204,59,90,55,68,55,45,56,46
12206,59,67,59,70,74,51,50,44
12207,61,10,57,77,55,44,56,40
12208,59,57,65,63,74,62,50,40
12209,59,57,69,69,74,55,50,42
12210,62,85,67,80,74,43,50,38
12212,56,46,54,42,56,59,65,67
12214,58,50,59,69,56,62,63,45
12220,61,10,57,77,55,44,56,40
12222,49,47,43,49,54,72,59,21
12223,62,67,66,75,74,47,54,51
12224,61,10,57,77,55,44,56,40
12225,58,50,59,69,56,62,63,45
12226,52,56,64,40,48,51,61,42
12227,61,10,57,77,55,44,56,40
12228,61,10,57,77,55,44,56,40
12229,61,10,57,77,55,44,56,40
12230,61,10,57,77,55,44,56,40
12231,61,10,57,77,55,44,56,40
12232,52,56,64,40,48,51,61,42
12233,61,10,57,77,55,44,56,40
12234,61,10,57,77,55,44,56,40
12235,52,42,46,33,58,54,65,64
12236,61,10,57,77,55,44,56,40
12237,61,10,57,77,55,44,56,40
12238,61,10,57,77,55,44,56,40
12239,61,10,57,77,55,44,56,40
12240,61,10,57,77,55,44,56,40
12241,61,10,57,77,55,44,56,40
12242,61,10,57,77,55,44,56,40
12243,61,10,57,77,55,44,56,40
12244,61,10,57,77,55,44,56,40
12245,61,10,57,77,55,44,56,40
12246,61,10,57,77,55,44,56,40
12247,61,10,57,77,55,44,56,40
12248,61,10,57,77,55,44,56,40
12249,61,10,57,77,55,44,56,40
12250,61,10,57,77,55,44,56,40
12252,61,10,57,77,55,44,56,40
12255,61,10,57,77,55,44,56,40
12256,61,10,57,77,55,44,56,40
12257,61,10,57,77,55,44,56,40
12260,61,10,57,77,55,44,56,40
12261,58,50,59,69,56,62,63,45
12288,56,46,54,42,56,59,65,67
12301,57,70,63,59,60,52,52,44
12302,61,69,59,71,60,53,52,63
12303,57,68,63,73,60,28,57,50
12304,53,44,67,63,60,54,51,34
12305,58,67,67,77,46,50,53,46
12306,54,52,50,61,60,53,39,63
12307,58,79,59,76,60,26,54,52
12308,55,65,48,66,60,42,52,55
12309,55,31,60,66,60,53,39,75
12325,56,75,68,82,60,24,51,35
12345,55,76,57,67,48,50,46,42
12401,53,56,62,65,54,48,46,40
12402,51,72,57,54,39,48,46,39
12404,47,40,38,51,54,42,54,47
12405,37,56,31,28,47,27,56,17
12406,46,60,26,41,53,47,62,36
12409,44,37,32,49,54,48,66,25
12410,48,52,27,55,50,48,76,30
12411,42,49,34,36,39,48,48,42
12413,44,63,45,35,47,27,54,37
12414,47,55,58,56,47,27,50,36
12416,48,58,31,53,54,48,67,26
12417,48,57,46,54,54,48,47,32
12419,43,46,34,38,43,48,55,36
12420,42,39,37,43,55,45,48,27
12422,38,48,26,28,47,27,47,40
12424,43,56,28,52,47,27,66,27
12427,46,54,27,46,47,32,72,43
12428,50,59,47,56,54,39,49,43
12429,46,42,37,45,54,48,64,35
12430,48,61,31,38,53,47,71,34
12431,41,45,33,36,47,39,50,36
12432,50,57,45,43,54,48,57,47
12433,46,43,42,39,54,48,62,33
12435,42,56,33,42,54,39,49,23
12436,46,59,38,43,47,27,69,37
12438,45,44,23,39,53,47,63,47
12439,42,50,27,42,47,27,57,41
12440,48,45,37,45,54,48,58,50
12441,48,61,31,38,53,47,71,34
12442,43,56,28,52,47,27,66,27
12443,45,38,52,49,54,48,46,27
12444,43,56,28,52,47,27,66,27
12446,47,47,36,49,54,42,52,48
12448,44,37,32,49,54,48,66,25
12449,45,53,44,48,40,48,58,24
12450,42,66,24,39,47,32,69,16
12451,37,56,36,25,33,27,52,29
12454,42,50,27,42,47,27,57,41
12455,47,56,56,41,53,47,53,20
12457,48,52,27,55,50,48,76,30
12458,46,49,33,52,54,39,48,44
12459,45,44,23,39,53,47,63,47
12460,38,48,26,28,47,27,47,40
12463,47,44,51,52,47,27,65,41
12464,52,71,35,62,54,48,69,24
12465,50,46,40,58,46,60,72,28
12466,48,57,46,54,54,48,47,32
12468,40,55,23,27,47,44,52,32
12469,51,54,23,32,73,59,58,56
12470,41,52,30,35,47,27,58,39
12471,46,44,38,50,54,48,54,34
12472,45,60,41,39,38,48,59,29
12473,41,51,30,35,47,27,55,40
12477,53,69,60,48,54,48,63,32
12480,48,58,31,53,54,48,67,26
12481,47,51,38,38,54,48,66,35
12483,42,39,37,43,55,45,48,27
12484,47,36,34,50,54,48,63,43
12485,46,59,38,43,47,27,69,37
12486,48,39,45,52,54,48,58,43
12487,47,51,42,49,54,48,47,40
12489,42,53,26,44,54,39,49,32
12490,41,41,41,27,36,48,63,29
12491,48,47,50,40,54,48,61,37
12493,46,38,32,43,45,48,67,49
12495,44,37,32,49,54,48,66,25
12496,41,58,39,41,47,27,52,25
12498,47,52,47,47,52,48,67,19
12501,49,47,34,40,54,59,50,60
12507,49,29,33,53,54,62,58,56
12508,57,50,59,70,54,54,46,63
12510,47,24,39,40,54,54,52,68
12513,47,44,31,40,66,41,63,42
12514,47,28,36,37,54,54,65,57
12515,47,38,38,45,54,51,58,47
12516,52,51,33,43,66,72,71,26
12517,53,49,28,42,66,72,74,41
12518,57,31,61,59,59,54,59,79
12520,54,29,50,56,58,54,56,75
12521,51,44,26,40,66,72,74,35
12522,54,52,48,68,55,59,48,48
12524,54,41,54,55,44,54,57,71
12525,43,29,32,43,54,48,52,40
12526,51,64,32,42,66,41,67,42
12527,49,42,49,55,43,54,57,43
12528,47,43,56,41,54,51,43,39
12530,47,44,31,40,66,41,63,42
12534,58,76,58,73,67,41,53,37
12537,50,28,49,41,54,54,57,64
12538,48,33,52,47,50,54,44,57
12540,54,35,50,59,54,54,54,70
12542,49,42,56,47,54,46,51,47
12543,53,51,48,63,56,52,47,55
12544,57,66,53,49,66,41,71,51
12545,56,46,58,55,54,59,55,66
12546,58,39,55,63,55,59,62,72
12547,47,49,52,38,52,51,50,38
12548,41,54,38,30,42,48,57,16
12549,56,54,62,68,58,51,46,56
12550,60,73,72,74,59,35,56,50
12551,59,84,66,76,59,35,48,47
12552,40,34,42,45,27,54,43,37
12553,54,62,57,56,59,54,56,37
12555,40,34,42,45,27,54,43,37
12561,54,66,61,60,54,48,53,36
12563,57,25,49,56,76,63,56,73
12564,58,55,64,47,55,61,49,74
12565,50,62,39,34,66,41,70,37
12566,55,58,56,65,58,51,44,53
12567,52,38,37,47,54,59,76,55
12568,45,31,42,35,43,48,69,49
12569,53,37,65,52,54,54,42,65
12571,56,53,57,58,36,62,66,62
12572,55,37,55,62,36,62,59,73
12574,49,48,34,55,45,62,54,44
12575,49,20,36,55,58,54,45,73
12577,52,30,47,48,58,54,45,81
12578,48,35,39,35,54,54,47,73
12580,51,58,48,52,39,54,55,52
12583,56,40,51,56,54,62,65,67
12584,49,46,51,48,45,54,52,49
12586,58,55,72,78,58,46,46,54
12588,43,39,30,44,54,50,47,38
12589,48,49,46,43,54,46,55,45
12590,57,50,66,58,54,54,54,63
12593,53,49,28,42,66,72,74,41
12601,55,62,69,69,32,54,54,48
12602,56,55,69,66,54,54,56,36
12603,53,42,65,62,33,54,54,61
12604,48,38,61,49,39,54,50,45
12701,48,59,48,55,61,43,45,24
12720,44,45,31,38,60,43,55,36
12723,44,48,31,34,60,42,49,45
12733,43,60,25,46,60,38,44,30
12734,43,43,35,34,60,43,43,42
12738,41,45,31,29,60,43,48,34
12742,44,65,27,34,60,43,42,34
12745,44,48,31,34,60,42,49,45
12746,50,39,33,66,58,48,41,64
12747,45,71,32,44,60,38,42,25
12748,46,49,46,41,60,38,49,38
12750,45,48,27,39,60,42,50,50
12751,45,50,41,39,60,43,43,36
12754,53,74,58,58,61,43,44,33
12758,42,45,28,29,61,43,50,39
12759,43,60,25,46,60,38,44,30
12763,43,49,25,48,60,38,46,38
12764,46,48,24,59,60,40,49,39
12766,46,49,46,41,60,38,49,38
12769,41,45,21,33,60,44,49,36
12771,53,47,66,71,59,48,41,42
12775,43,30,34,41,61,43,52,38
12776,44,46,28,38,60,43,48,46
12778,44,45,31,38,60,43,55,36
12779,46,63,40,47,60,38,45,28
12780,47,42,32,60,44,48,41,62
12781,42,37,31,38,60,44,48,35
12784,41,45,31,29,60,43,48,34
12786,44,45,31,38,60,43,55,36
12788,42,47,31,49,60,38,44,23
12789,47,63,32,53,60,38,46,40
12790,46,52,28,41,60,44,48,48
12801,53,54,50,62,40,60,60,46
12803,56,57,61,57,46,60,39,71
12804,51,54,56,53,28,60,58,49
12808,43,55,28,33,35,54,56,38
12809,48,52,30,36,49,49,58,62
12810,49,53,30,53,40,54,60,50
12811,47,65,26,37,40,54,70,36
12812,51,56,23,51,62,69,62,32
12814,45,42,29,31,38,60,62,56
12816,55,58,58,43,49,50,62,63
12817,44,47,34,31,40,54,58,45
12819,44,49,24,58,49,42,49,40
12822,63,66,65,55,61,61,61,74
12823,46,45,33,40,27,50,58,72
12827,48,57,36,49,49,49,55,41
12828,51,65,65,56,23,49,47,52
12832,48,68,58,40,15,49,47,60
12833,52,44,37,44,60,61,47,74
12834,49,48,35,41,49,50,55,68
12839,56,69,64,57,50,49,49,56
12841,44,49,24,58,49,42,49,40
12842,53,62,24,59,62,60,83,24
12844,47,44,29,42,49,49,65,52
12845,52,51,60,38,40,60,63,55
12846,48,49,27,47,40,60,63,50
12847,45,49,21,23,62,69,62,29
12848,57,52,63,51,49,50,64,68
12853,47,65,26,37,40,54,70,36
12856,47,65,26,37,40,54,70,36
12858,54,80,27,32,57,63,76,44
12860,44,54,28,28,30,54,54,62
12862,47,65,26,37,40,54,70,36
12863,54,51,42,46,60,61,46,75
12864,51,56,23,51,62,69,62,32
12865,54,56,52,44,49,50,73,53
12866,69,10,70,76,61,61,57,59
12870,54,80,27,32,57,63,76,44
12871,65,66,64,54,61,61,71,77
12872,54,80,27,32,57,63,76,44
12873,49,50,34,38,49,50,66,56
12878,49,53,30,53,40,54,60,50
12883,59,52,62,61,57,60,64,57
12884,59,52,42,49,61,61,57,88
12885,53,55,48,49,40,54,64,61
12887,50,55,46,53,49,49,43,53
12901,54,59,64,70,50,33,51,50
12903,51,55,50,71,47,33,47,57
12910,44,66,36,33,50,33,42,46
12911,44,54,37,31,50,33,55,51
12912,45,57,48,34,50,33,45,51
12913,52,50,35,38,57,79,56,52
12914,42,58,29,38,48,33,37,49
12916,43,56,34,40,48,33,38,53
12917,43,51,29,44,48,29,36,61
12919,43,58,40,32,50,33,38,50
12920,41,55,30,47,35,29,37,56
12921,49,53,37,56,50,33,57,59
12922,44,48,22,61,50,34,59,34
12924,45,60,33,36,50,33,47,59
12927,44,48,22,61,50,34,59,34
12928,55,58,35,52,57,60,71,52
12929,48,59,53,54,50,33,45,39
12930,38,56,27,30,48,33,30,44
12932,53,60,54,32,57,63,64,41
12935,42,54,29,50,50,33,34,43
12937,44,56,37,36,48,33,42,55
12939,42,44,28,29,48,54,50,41
12941,50,53,32,42,57,58,58,48
12944,53,49,43,39,57,58,74,52
12945,41,42,29,32,48,58,44,34
12946,55,52,44,46,57,79,59,48
12950,53,54,34,48,57,49,70,58
12952,42,54,29,50,50,33,34,43
12953,47,73,46,53,49,29,28,49
12956,52,53,41,48,54,57,62,46
12957,43,56,34,40,48,33,38,53
12958,47,54,36,57,50,33,42,55
12959,48,61,39,60,50,33,38,57
12960,54,52,41,47,57,57,62,59
12961,51,56,35,40,57,63,52,56
12962,48,62,48,54,50,33,35,52
12964,50,50,27,21,57,63,80,54
12965,43,55,27,41,48,34,49,44
12970,42,44,28,29,48,54,50,41
12972,47,53,52,47,50,33,42,51
12973,44,48,22,61,50,34,59,34
12974,54,52,41,47,57,57,62,59
12975,53,49,43,39,57,58,74,52
12976,42,44,28,29,48,54,50,41
12977,55,52,44,46,57,79,59,48
12978,43,57,29,29,50,33,40,62
12979,49,79,50,48,49,33,38,47
12980,41,61,31,35,48,48,21,44
12983,60,69,65,76,49,58,47,53
12986,56,56,64,72,48,48,48,57
12987,48,53,33,34,57,58,55,49
12992,49,58,48,38,50,33,53,64
12993,55,54,34,51,57,63,78,45
12995,41,52,30,43,48,29,38,48
12996,52,57,36,62,57,49,76,27
12997,58,58,47,36,57,79,65,64
12998,51,56,35,40,57,63,52,56
13020,53,46,31,39,58,57,66,75
13021,60,91,63,84,57,28,56,44
13022,44,53,38,53,33,28,51,52
13024,50,86,50,73,23,28,57,36
13026,42,47,28,35,56,26,57,47
13028,47,54,33,39,51,37,61,54
13029,53,63,45,41,48,57,63,55
13031,55,52,49,64,47,57,60,56
13032,52,80,52,41,42,51,44,52
13033,48,54,32,44,56,34,55,61
13034,46,49,37,40,56,28,58,51
13035,56,45,64,52,57,48,59,67
13036,53,70,54,44,52,37,50,63
13037,55,50,56,52,58,48,56,64
13042,50,47,34,49,73,33,46,65
13044,45,49,27,35,51,37,49,70
13045,49,56,56,65,67,35,40,22
13052,44,54,26,36,57,36,50,50
13053,56,70,40,46,68,70,50,48
13054,52,50,32,54,73,45,44,68
13056,47,57,32,36,66,35,42,58
13057,57,66,63,50,43,57,56,61
13060,51,58,41,43,42,57,64,55
13063,53,46,31,39,58,57,66,75
13064,46,61,28,65,56,34,53,27
13066,59,49,63,54,58,57,62,67
13068,54,60,38,45,68,70,47,50
13069,60,84,64,74,52,33,47,69
13072,44,54,26,36,57,36,50,50
13073,57,64,45,64,68,48,52,56
13074,45,50,40,39,51,33,42,59
13076,43,46,35,24,51,37,41,70
13077,54,54,69,52,67,35,40,59
13078,50,47,40,38,46,57,50,70
13080,51,51,34,41,51,57,61,62
13082,50,51,33,41,49,57,64,58
13083,46,60,52,32,38,31,38,74
13087,45,50,30,37,66,35,41,58
13088,55,47,59,58,58,57,57,52
13093,41,53,30,56,21,30,35,59
13101,46,60,34,37,58,35,40,55
13102,53,61,34,41,68,70,47,50
13104,59,62,50,52,47,57,66,79
13107,47,57,31,35,51,30,43,79
13108,53,51,44,39,58,57,66,59
13111,44,48,31,42,56,34,46,53
13113,50,46,30,50,56,48,58,64
13114,47,55,35,39,51,30,47,71
13115,45,57,34,44,52,30,34,61
13116,61,71,67,56,59,57,56,60
13118,43,54,32,35,56,34,49,39
13120,55,51,55,58,58,57,44,65
13122,49,40,32,40,52,48,54,75
13123,50,53,27,47,73,42,51,57
13126,57,73,66,85,52,30,34,59
13131,43,51,32,27,51,37,42,64
13132,45,46,35,40,51,37,45,60
13134,51,52,31,44,57,54,53,64
13135,55,76,49,54,51,37,54,66
13140,48,59,44,43,45,28,58,62
13142,48,60,50,35,52,37,35,64
13143,48,52,30,43,62,41,31,79
13145,45,51,32,39,43,37,37,73
13146,51,46,30,61,62,32,58,70
13148,53,77,61,59,40,43,47,45
13152,54,56,57,44,58,43,68,52
13154,47,52,32,37,62,41,33,72
13156,46,61,28,65,56,34,53,27
13157,51,60,41,56,73,33,50,47
13159,52,52,44,37,47,57,60,68
13160,49,52,49,43,56,26,55,60
13162,52,50,32,54,73,45,44,68
13163,47,54,37,38,46,51,40,60
13164,48,35,36,42,50,57,61,58
13165,41,50,40,45,10,43,46,56
13166,50,59,37,46,56,28,50,72
13201,57,84,67,86,43,41,43,36
13202,57,84,67,86,43,41,43,36
13203,58,97,60,71,59,41,55,23
13204,59,65,68,73,59,54,57,36
13205,52,71,63,73,49,26,43,41
13206,61,90,64,72,59,52,56,37
13207,50,58,55,71,59,28,43,36
13208,57,85,68,77,59,30,43,36
13209,60,58,58,68,59,57,60,61
13210,55,65,65,72,59,47,53,23
13211,59,61,57,66,59,57,56,60
13212,59,58,61,59,58,57,59,59
13214,55,50,62,63,40,57,54,61
13217,54,89,55,70,33,36,60,33
13218,50,78,58,54,12,60,47,40
13219,57,52,58,54,59,57,55,67
13220,59,58,61,59,58,57,59,59
13221,55,80,69,81,37,41,54,21
13224,55,57,58,74,59,30,62,42
13225,50,57,54,52,11,57,56,60
13244,52,75,53,74,50,41,49,19
13250,55,80,69,81,37,41,54,21
13251,58,92,72,81,38,32,50,42
13252,55,80,69,81,37,41,54,21
13261,57,84,67,86,43,41,43,36
13290,50,78,58,54,12,60,47,40
13303,46,49,33,46,73,34,43,45
13304,52,48,34,42,73,42,57,68
13305,45,51,43,43,43,34,50,54
13308,51,60,41,56,73,33,50,47
13309,56,70,59,53,73,35,40,59
13310,45,50,29,34,57,54,46,48
13312,42,53,24,38,50,36,55,36
13313,51,54,29,47,73,42,50,63
13314,52,59,30,40,57,54,54,67
13315,50,54,28,56,50,45,60,54
13316,50,68,50,64,40,33,39,59
13317,48,55,41,46,66,37,41,48
13318,51,54,29,47,73,42,50,63
13319,55,57,42,73,68,42,39,66
13320,49,52,28,53,50,45,62,55
13321,54,60,43,58,74,42,39,64
13322,46,53,35,52,39,42,43,61
13323,54,48,55,60,73,42,41,58
13324,45,53,24,48,55,34,46,57
13325,44,55,31,36,50,36,52,46
13326,55,46,62,72,51,45,51,58
13327,45,59,26,47,50,34,48,52
13328,56,61,32,68,73,42,52,62
13329,53,58,55,63,45,40,49,63
13331,50,56,21,69,55,34,70,48
13332,50,52,27,46,57,54,44,70
13333,49,52,28,53,50,45,62,55
13334,49,62,29,37,57,54,49,52
13335,47,62,31,33,50,45,49,60
13339,48,60,41,45,66,37,41,44
13340,54,57,59,66,55,34,40,68
13341,58,76,58,61,73,42,41,57
13342,45,51,27,40,50,43,63,39
13345,42,53,24,38,50,36,55,36
13346,53,52,60,47,58,54,42,58
13348,52,54,29,58,50,45,59,71
13350,58,73,60,81,55,34,40,65
13352,52,48,34,42,73,42,57,68
13353,48,54,21,50,62,52,62,38
13354,52,49,33,46,73,42,55,69
13355,48,50,30,43,57,54,43,62
13357,56,56,65,74,55,34,40,68
13361,51,51,28,60,55,40,59,61
13363,49,50,30,56,73,34,40,58
13365,55,64,63,70,55,40,45,51
13367,49,72,46,55,46,34,47,46
13368,43,55,37,36,50,36,53,37
13401,48,48,36,41,73,33,48,57
13402,50,59,41,40,57,54,51,49
10158,63,42,95,10,46,82,61,13
12878,49,53,30,53,40,54,60,50
12919,43,58,40,32,50,33,38,50
13406,49,51,29,44,55,40,50,72
13407,54,58,57,69,55,34,40,65
13408,49,62,29,37,57,54,49,52
13409,52,50,36,45,57,51,52,70
13410,47,62,29,43,66,37,41,52
13411,49,53,37,47,66,43,50,45
13413,58,50,52,76,74,42,34,76
13415,45,51,27,40,50,43,63,39
13416,54,64,40,54,55,34,56,77
13417,56,68,52,75,64,42,34,56
13418,52,59,30,40,57,54,54,67
13420,47,65,41,46,55,34,51,40
13421,58,78,58,57,58,51,42,59
13424,54,55,51,64,74,42,39,52
13425,56,61,32,68,73,42,52,62
13428,47,62,29,43,66,37,41,52
13431,54,64,40,54,55,34,56,77
13433,42,53,24,38,50,36,55,36
13435,52,48,34,42,73,42,57,68
13436,45,49,21,23,62,69,62,29
13438,51,57,27,49,73,42,47,61
13439,53,67,58,38,51,45,59,55
13440,63,91,69,97,57,34,39,53
13441,45,49,32,64,74,34,39,22
13442,61,65,69,99,70,34,39,51
13449,62,78,68,87,74,34,39,56
13450,46,54,31,56,50,45,51,36
13454,47,58,30,46,45,40,45,62
13455,58,64,53,66,73,42,54,57
13456,46,53,35,52,39,42,43,61
13459,50,58,51,40,46,41,49,67
13460,57,74,56,42,61,51,54,59
13461,57,62,55,63,74,51,41,54
13464,49,53,29,36,61,51,54,59
13465,50,59,41,40,57,54,51,49
13472,50,56,21,69,55,34,70,48
13473,44,55,31,36,50,36,52,46
13476,53,66,50,58,40,51,43,61
13477,50,40,31,55,62,51,45,68
13478,54,50,43,64,73,45,43,60
13479,51,46,43,56,67,42,34,69
13480,58,64,53,66,73,42,54,57
13482,50,54,28,56,50,45,60,54
13484,49,62,29,37,57,54,49,52
13485,52,59,30,40,57,54,54,67
13486,46,49,33,46,73,34,43,45
13488,49,50,27,56,50,43,58,57
13490,50,48,39,50,63,42,45,65
13491,50,52,35,44,55,34,56,74
13492,55,56,53,67,74,42,35,61
13495,53,55,50,80,52,42,34,57
13501,58,77,55,91,74,30,35,45
13502,50,66,49,87,41,30,35,41
13503,54,76,64,91,43,30,35,37
13504,51,65,50,74,65,30,35,38
13505,54,76,64,91,43,30,35,37
13599,62,10,65,96,61,30,35,45
13601,57,95,62,78,56,33,32,42
13602,47,41,42,75,67,33,33,38
13603,43,42,50,72,32,33,32,38
13605,53,57,37,71,67,44,39,56
13606,50,46,36,57,62,44,41,61
13607,44,48,26,37,67,34,46,53
13608,47,47,27,40,67,37,50,61
13611,44,52,26,35,67,44,44,42
13612,49,58,40,61,67,33,32,53
13613,43,60,27,34,50,32,52,46
13614,36,50,29,33,50,34,34,21
13615,49,56,40,52,66,33,34,60
13616,48,58,39,58,67,33,33,47
13617,48,53,58,54,51,34,45,40
13618,50,65,23,69,67,34,49,44
13619,48,53,34,52,67,33,36,60
13620,45,51,43,43,43,34,50,54
13621,43,58,29,40,50,34,44,46
13622,46,45,30,56,67,34,45,43
13623,38,53,22,36,50,34,46,28
13624,57,59,57,62,67,56,43,55
13625,40,52,28,46,50,34,42,31
13626,44,56,31,35,50,29,56,54
13627,44,56,31,35,50,29,56,54
13628,48,53,34,52,67,33,36,60
13630,37,55,29,32,38,36,36,35
13631,44,56,31,35,50,29,56,54
13632,48,52,30,58,67,33,42,53
13634,48,52,30,58,67,33,42,53
13635,46,63,31,58,50,39,36,43
13636,44,52,26,35,67,44,44,42
13637,47,49,32,57,67,33,35,56
13638,47,45,32,61,67,33,33,55
13639,37,57,30,31,50,37,25,32
13640,49,47,31,55,67,56,45,43
13641,43,53,26,54,67,40,41,19
13642,47,57,64,63,51,34,29,32
13643,47,45,32,61,67,33,33,55
13645,36,54,31,47,19,34,30,39
13647,44,50,31,59,50,34,45,38
13648,42,61,25,27,50,26,66,37
13649,43,60,27,34,50,32,52,46
13650,45,63,23,42,67,44,50,28
13651,45,63,23,42,67,44,50,28
13652,41,60,26,47,50,34,37,34
13654,38,57,27,36,50,34,34,31
13655,42,58,29,38,48,33,37,49
13656,51,44,29,55,67,56,44,59
13657,48,52,30,58,67,33,42,53
13659,46,50,22,45,64,44,45,54
13660,43,58,29,40,50,34,44,46
13661,45,50,29,29,67,44,42,57
13662,51,63,63,68,51,32,44,38
13664,39,56,31,36,50,34,25,39
13665,42,61,25,27,50,26,66,37
13666,38,59,27,33,50,37,25,32
13667,47,55,51,51,41,38,50,45
13668,47,62,38,56,50,34,46,46
13669,51,56,60,71,51,34,34,50
13670,40,57,30,39,50,37,25,39
13671,47,51,26,36,67,35,47,64
13672,47,54,34,59,50,34,52,44
13673,51,58,43,52,67,34,44,61
13674,46,50,22,45,64,44,45,54
13675,44,48,26,37,67,34,46,53
13676,52,67,59,64,51,34,43,47
13677,42,51,32,42,50,34,38,44
13678,52,68,60,66,51,34,44,38
13679,44,48,26,37,67,34,46,53
13680,43,62,32,38,50,34,44,41
13681,38,57,27,36,50,34,34,31
13682,51,49,25,69,67,44,40,61
13683,42,66,32,42,50,32,36,34
13684,46,63,31,58,50,39,36,43
13685,48,47,35,60,67,33,41,52
13687,40,52,28,46,50,34,42,31
13690,41,68,38,42,51,37,25,25
13691,46,44,27,50,67,34,47,54
13692,43,53,26,54,67,40,41,19
13693,45,49,21,53,67,34,50,43
13694,46,57,36,60,50,34,43,45
13695,40,57,30,39,50,37,25,39
13696,45,49,30,56,50,34,52,42
13697,45,55,33,61,50,34,54,26
13699,44,54,42,63,51,34,36,26
13730,51,55,28,38,66,43,58,66
13731,40,49,22,29,53,40,62,26
13732,48,47,49,30,59,38,50,62
13733,47,50,31,44,66,43,41,57
13737,46,45,48,54,30,52,38,55
13738,43,44,37,44,52,35,40,51
13739,46,50,24,58,53,41,65,32
13743,51,51,30,61,59,40,63,51
13745,51,52,53,50,45,52,42,63
13750,47,50,28,59,53,41,59,39
13751,47,50,28,59,53,41,59,39
13753,47,52,34,42,53,41,50,54
13754,47,59,37,30,49,42,46,64
13755,45,60,34,31,53,51,58,30
13760,52,52,45,63,50,52,40,62
13761,51,70,62,65,23,52,40,46
13762,51,70,62,65,23,52,40,46
13763,51,70,62,65,23,52,40,46
13775,44,47,28,35,53,45,53,50
13776,46,49,27,35,50,45,55,58
13777,49,56,28,39,49,52,60,62
13778,48,58,30,36,66,41,47,61
13780,47,51,27,37,66,43,49,54
13783,47,57,52,46,53,34,47,38
13788,45,53,26,60,53,41,56,23
13790,56,72,60,67,50,52,38,53
13794,44,54,28,29,37,52,42,68
13796,46,50,38,39,50,49,48,47
13797,48,55,27,46,49,52,44,62
13801,49,55,22,38,66,37,58,64
13802,49,56,28,39,49,52,60,62
13803,50,52,56,37,52,35,49,66
13807,48,60,37,44,50,50,57,41
13808,48,57,39,56,50,49,51,36
13809,47,46,27,38,66,43,48,63
13810,45,51,27,40,50,43,63,39
13811,54,56,41,48,59,38,75,64
13812,49,56,35,28,59,40,60,62
13814,48,53,31,39,61,37,45,72
13815,60,92,59,69,66,37,44,55
13820,54,59,66,68,51,49,40,48
13825,51,53,50,52,51,49,45,55
13826,44,48,27,32,49,42,50,58
13827,57,69,58,66,59,38,54,57
13830,52,63,47,44,66,37,50,58
13834,48,60,37,44,50,50,57,41
13838,38,52,46,33,19,39,41,39
13839,42,62,28,30,53,39,41,40
13841,50,50,33,37,66,41,41,79
13842,44,50,23,58,53,41,57,24
13843,47,47,27,41,66,43,50,55
13845,48,48,33,46,59,38,59,52
13849,50,64,52,42,50,43,39,62
13856,54,55,63,64,53,51,40,49
13859,44,57,28,40,50,42,45,47
13860,43,55,32,45,53,39,46,32
13861,47,57,40,42,50,49,39,50
13862,49,57,56,40,31,52,48,58
13864,56,59,36,59,59,51,76,52
13865,52,65,44,39,50,42,55,68
13901,59,10,58,76,50,52,39,37
13902,59,10,58,76,50,52,39,37
13903,51,60,48,58,50,52,39,50
13904,48,60,47,59,32,52,39,45
13905,53,68,53,68,50,52,38,43
14001,60,61,61,57,39,58,69,72
14004,63,56,62,61,68,58,67,67
14005,51,60,35,34,66,42,49,68
14006,56,56,36,50,68,64,57,62
14008,50,42,27,44,78,42,53,64
14009,47,50,52,48,41,35,45,61
14010,54,63,59,51,16,58,72,62
14011,53,59,64,49,46,41,49,65
14012,61,66,54,58,78,42,61,66
14020,58,62,55,66,52,42,62,64
14021,60,73,59,71,51,42,62,59
14024,49,56,31,57,46,32,54,64
14026,52,51,49,46,31,58,64,68
14027,51,50,33,39,56,64,56,61
14028,53,50,34,51,69,42,54,71
14029,44,51,27,39,50,29,52,61
14031,55,36,43,52,67,58,64,66
14032,59,36,51,56,68,58,74,69
14034,54,66,37,54,55,58,55,56
14036,48,59,35,31,56,42,58,56
14038,56,54,33,48,63,58,67,71
14039,45,50,32,44,46,32,55,55
14041,47,56,30,46,47,44,41,63
14042,48,70,37,48,47,38,45,49
14043,62,64,65,69,53,58,58,67
14048,56,68,56,69,65,36,44,51
14052,63,58,65,81,47,58,65,65
14057,56,42,53,49,68,58,62,63
14058,49,50,43,30,66,42,51,58
14059,52,50,42,51,25,58,71,66
14060,44,51,27,39,50,29,52,61
14061,51,50,33,39,56,64,56,61
14062,52,57,37,61,65,36,52,59
14063,51,56,53,52,65,36,44,48
14066,48,58,37,59,46,32,51,56
14067,54,49,39,51,78,33,59,66
14070,54,67,55,62,37,44,46,65
14072,57,45,47,66,57,63,58,61
14075,64,49,68,66,68,58,75,66
14081,51,50,33,39,56,64,56,61
14083,44,48,33,32,46,35,55,58
14086,65,68,66,61,68,58,59,72
14092,60,46,59,62,78,48,56,74
14094,71,10,69,86,78,33,56,73
14095,60,59,57,70,78,33,56,70
14098,46,43,31,40,59,32,32,83
14101,44,60,33,43,47,38,49,40
14102,60,41,53,57,67,58,67,79
14103,47,45,45,61,59,32,29,61
14105,57,55,59,66,50,42,54,76
14108,56,63,44,50,64,42,54,77
14109,53,53,57,53,63,39,53,52
14110,61,61,52,49,68,58,76,63
14111,60,63,49,60,63,64,60,62
14120,65,68,60,71,79,52,55,72
14125,54,68,53,45,66,42,50,54
14126,52,53,38,48,65,42,54,65
14127,61,51,66,64,44,58,72,71
14129,47,56,30,46,47,44,41,63
14130,47,51,29,56,46,32,57,57
14131,57,51,38,47,78,48,67,73
14132,58,49,51,57,71,48,63,67
14134,52,49,29,50,67,50,56,62
14135,44,48,29,30,54,50,48,51
14136,48,55,47,37,52,50,52,41
14138,48,59,35,45,47,44,44,61
14139,56,44,38,54,57,58,66,77
14140,52,50,42,51,25,58,71,66
14141,62,71,66,59,59,50,58,74
14145,48,52,36,35,42,44,57,69
14150,68,76,72,85,68,63,55,55
14151,68,76,72,85,68,63,55,55
14166,43,51,28,32,65,36,49,38
14168,44,51,30,38,47,44,43,57
14169,56,44,38,54,57,58,66,77
14171,42,51,28,25,46,38,52,51
14172,59,63,56,61,65,42,61,66
14173,48,70,37,48,47,38,45,49
14174,60,57,63,44,78,48,62,69
14201,62,72,73,94,68,36,55,36
14202,61,94,69,78,46,34,55,52
14203,61,81,79,97,47,39,55,30
14204,63,95,68,88,55,32,55,48
14205,61,81,79,97,47,39,55,30
14206,57,67,67,65,45,42,62,49
14207,62,70,73,86,68,36,55,47
14208,60,60,72,83,68,35,54,47
14209,62,93,66,89,47,51,54,33
14210,57,87,58,75,50,33,55,44
14211,58,65,63,86,68,29,54,40
14212,58,72,56,90,68,27,54,39
14213,60,64,62,93,68,35,55,41
14214,63,60,65,91,68,52,71,32
14215,57,62,64,70,46,36,70,50
14216,62,61,70,84,68,61,54,38
14217,68,54,74,81,68,63,71,68
14218,66,64,69,80,68,62,73,49
14219,63,54,62,76,54,62,73,63
14220,63,69,65,79,68,50,69,40
14221,60,55,72,68,50,58,60,58
14222,61,59,70,91,68,48,55,37
14223,61,48,69,76,51,58,67,60
14224,65,51,72,73,68,58,73,63
14225,61,70,61,65,52,58,52,68
14226,60,52,64,67,48,58,65,64
14227,63,60,61,71,68,58,61,62
14231,61,76,64,61,50,58,68,49
14233,61,81,79,97,47,39,55,30
14240,57,71,62,77,63,27,54,48
14241,60,59,61,63,68,58,53,61
14260,54,61,40,58,60,58,63,41
14261,54,61,40,58,60,58,63,41
14263,65,10,67,91,68,32,54,40
14264,61,81,79,97,47,39,55,30
14265,61,81,79,97,47,39,55,30
14267,61,81,79,97,47,39,55,30
14269,61,81,79,97,47,39,55,30
14270,61,81,79,97,47,39,55,30
14272,61,81,79,97,47,39,55,30
14273,61,81,79,97,47,39,55,30
14276,61,81,79,97,47,39,55,30
14280,61,81,79,97,47,39,55,30
14301,59,69,61,82,75,32,55,42
14302,60,82,59,87,55,32,56,52
14303,52,60,57,73,44,32,56,39
14304,60,50,62,66,79,48,57,55
14305,66,10,66,79,79,32,54,53
14410,51,37,47,42,80,58,42,52
14411,51,51,61,68,55,32,29,63
14413,44,42,29,40,62,41,37,60
14414,54,48,56,48,50,51,41,84
14415,45,34,27,41,44,51,60,58
14416,57,59,60,45,63,48,59,64
14420,58,56,59,70,81,56,35,50
14423,54,43,67,46,50,51,47,72
14424,53,60,56,53,52,53,37,61
14427,51,58,53,46,46,32,52,67
14428,53,40,40,40,80,62,44,62
14429,46,37,33,43,59,43,32,76
14430,52,50,41,43,80,56,35,58
14432,55,66,58,51,49,51,41,71
14433,49,57,51,51,41,32,44,66
14435,49,41,28,57,49,46,38,81
14437,53,61,65,52,50,46,29,71
14441,44,42,29,49,10,51,56,68
14443,42,36,35,42,18,53,49,59
14445,60,44,69,59,81,62,46,62
14449,50,51,42,43,59,41,39,77
14450,57,38,76,55,75,62,35,61
14454,51,43,55,52,50,51,32,77
14456,56,53,67,66,52,49,37,70
14461,48,41,32,40,52,53,52,68
14462,44,44,31,28,49,46,38,73
14463,47,42,30,38,52,49,53,67
14464,53,41,39,45,80,56,38,73
14466,44,33,30,38,52,58,40,56
14468,54,35,46,50,81,58,42,68
14469,51,50,39,41,52,53,45,75
14470,48,55,35,51,59,43,31,65
14471,47,42,34,45,52,53,43,59
14472,57,48,56,51,59,62,53,68
14478,44,33,30,43,44,51,50,54
14479,43,39,31,47,59,32,27,67
14480,49,44,53,42,49,51,35,72
14481,45,40,33,44,49,37,34,79
14482,52,48,54,45,66,42,52,60
14485,56,48,68,46,49,51,43,89
14486,46,35,35,45,49,45,44,71
14487,53,44,62,49,49,51,37,76
14488,48,34,45,42,49,51,36,81
14489,54,50,57,50,63,32,43,81
14504,44,44,41,39,33,51,43,55
14505,53,45,61,63,51,32,45,75
14507,50,37,28,60,44,47,62,71
14508,51,50,30,40,80,56,38,64
14510,52,53,57,50,50,46,36,74
14511,49,31,42,43,65,62,46,51
14512,53,44,51,54,52,53,45,73
14513,54,60,68,59,50,32,37,73
14516,47,52,32,37,62,41,33,72
14517,55,59,59,64,49,46,38,72
14518,40,43,33,27,24,49,38,64
14519,55,61,52,41,62,47,42,82
14520,55,61,52,41,62,47,42,82
14521,46,57,44,40,40,43,52,47
14522,58,56,63,54,63,40,46,85
14525,53,54,49,39,66,42,59,65
14527,55,59,56,57,42,51,60,58
14529,45,55,34,38,55,44,38,54
14530,57,82,64,53,46,32,52,70
14532,46,42,55,28,38,51,43,67
14533,46,35,35,45,49,45,44,71
14536,49,52,32,59,46,32,53,67
14537,44,43,32,40,44,51,39,62
14538,45,37,32,44,59,41,39,62
14539,47,41,35,41,43,51,37,79
14541,43,52,27,36,40,43,58,44
14542,47,52,32,37,62,41,33,72
14544,46,42,32,46,52,53,44,56
14545,44,41,32,37,49,46,32,69
14546,58,43,53,47,80,62,48,73
14548,50,51,47,51,52,51,41,56
14549,45,56,36,48,46,32,52,42
14550,48,68,50,54,16,32,52,63
14551,52,50,55,48,63,41,37,68
14555,45,37,35,45,63,41,37,58
14558,53,44,62,49,49,51,37,76
14559,53,40,55,52,80,58,37,51
14560,46,37,30,48,49,46,31,84
14561,48,41,32,40,52,53,52,68
14563,48,39,42,44,51,47,45,70
14564,47,36,55,33,38,53,44,70
14568,50,32,38,54,55,47,49,76
14569,51,63,49,53,46,32,50,66
14572,45,55,34,38,55,44,38,54
14580,55,53,56,46,60,62,38,70
14585,50,45,34,41,52,53,47,78
14588,43,50,28,46,40,43,53,41
14589,47,37,40,44,59,41,40,68
14590,54,57,60,50,63,41,32,74
14591,45,50,32,44,46,32,55,55
14592,46,35,35,45,49,45,44,71
14602,48,44,58,43,47,62,31,54
14603,53,88,65,63,64,32,29,27
14604,57,86,68,67,62,35,37,42
14605,53,68,66,72,66,32,30,36
14606,54,51,74,66,81,32,30,41
14607,53,70,70,69,61,48,30,26
14608,55,69,73,69,81,27,30,36
14609,56,67,60,68,81,45,30,44
14610,57,50,66,54,81,63,44,41
14611,45,59,62,49,59,27,30,30
14612,52,46,62,54,81,60,31,30
14614,49,52,75,71,57,35,34,19
14615,46,45,57,52,46,53,30,38
14616,54,36,72,53,70,62,30,56
14617,60,31,71,55,81,62,47,70
14618,56,31,65,59,81,62,29,65
14619,51,47,69,59,81,35,30,34
14620,56,51,69,62,81,63,42,21
14621,52,55,69,63,81,29,29,37
14622,53,32,55,56,81,62,29,55
14623,54,55,58,42,57,62,37,64
14625,54,37,57,55,80,62,31,55
14626,53,41,53,54,66,62,31,64
14627,50,40,61,51,81,68,30,16
14638,57,86,68,67,62,35,37,42
14639,57,86,68,67,62,35,37,42
14642,56,51,69,62,81,63,42,21
14643,57,86,68,67,62,35,37,42
14644,49,52,75,71,57,35,34,19
14645,53,70,70,69,61,48,30,26
14646,57,86,68,67,62,35,37,42
14647,57,86,68,67,62,35,37,42
14649,57,86,68,67,62,35,37,42
14650,52,76,64,65,64,29,30,33
14651,52,76,64,65,64,29,30,33
14652,49,52,75,71,57,35,34,19
14653,52,50,49,40,67,62,34,62
14664,49,52,75,71,57,35,34,19
14673,49,52,75,71,57,35,34,19
14683,49,52,75,71,57,35,34,19
14692,48,44,58,43,47,62,31,54
14694,49,52,75,71,57,35,34,19
14701,60,10,57,75,62,28,57,42
14702,60,10,57,75,62,28,57,42
14706,48,52,53,46,47,33,45,62
14708,44,53,30,57,50,32,49,39
14709,42,55,26,36,50,32,50,48
14711,43,55,27,45,50,32,47,42
14712,49,53,35,41,65,37,61,51
14714,43,50,28,37,50,33,48,54
14715,49,57,47,45,50,32,55,58
14716,50,65,33,34,65,49,58,48
14717,42,49,24,42,50,32,45,49
14718,49,53,35,40,65,36,51,64
14719,50,57,47,43,47,42,53,61
14720,51,62,40,62,65,28,44,58
14722,55,43,41,69,65,49,69,51
14723,46,49,25,34,65,33,55,58
14727,50,54,57,44,51,33,53,58
14728,48,58,23,47,65,33,66,42
14730,52,71,48,49,47,31,67,52
14731,46,51,25,57,47,33,59,50
14732,54,51,35,58,65,33,65,69
14733,53,71,58,47,58,28,47,63
14735,47,59,36,41,50,26,51,68
14737,49,58,51,40,47,33,47,65
14738,50,65,38,53,65,28,51,50
14739,48,62,29,58,48,33,50,56
14740,47,55,28,31,65,33,63,54
14741,44,46,24,34,47,33,60,64
14744,44,53,37,41,50,29,45,50
14745,44,51,27,39,50,29,52,61
14747,46,57,33,35,65,28,55,50
14748,47,61,29,46,47,39,54,54
14750,48,52,47,60,65,28,49,37
14752,46,57,29,38,65,36,46,54
14753,48,63,35,42,47,34,59,57
14754,46,56,28,42,50,29,53,64
14755,50,67,55,39,47,33,54,58
14756,49,53,35,41,65,37,61,51
14757,55,71,48,53,65,49,54,45
14758,50,51,27,42,65,33,64,66
14760,56,74,66,77,47,33,44,52
14767,50,51,27,42,65,33,64,66
14769,50,65,33,34,65,49,58,48
14770,46,54,31,51,47,33,45,61
14772,52,71,48,49,47,31,67,52
14774,45,56,27,45,50,33,53,52
14775,53,63,48,38,65,44,61,54
14777,42,49,24,42,50,32,45,49
14778,48,59,43,62,47,33,45,47
14779,50,65,53,51,47,33,52,50
14781,57,64,49,52,65,49,58,62
14782,48,57,26,35,65,33,62,60
14783,45,67,29,23,47,33,56,61
14787,58,64,62,58,65,49,52,53
14788,47,61,32,54,47,33,45,54
14801,49,56,35,44,62,43,52,50
14802,48,55,50,66,50,32,48,36
14803,46,62,36,56,50,32,48,37
14804,45,53,33,51,50,32,45,50
14806,45,56,34,50,50,32,50,46
14807,52,62,46,48,61,40,50,56
14808,48,51,41,45,62,44,42,54
14809,46,56,30,49,62,36,47,43
14810,56,62,58,64,62,36,60,51
14813,50,68,53,42,50,32,50,58
14814,48,51,54,42,34,36,57,59
14816,42,47,33,38,45,36,42,56
14818,45,57,34,35,66,25,61,35
14821,47,51,34,39,57,43,51,54
14822,46,50,35,63,50,36,47,39
14823,55,62,50,59,62,40,56,55
14825,43,51,35,32,41,48,38,53
14826,54,54,53,50,62,44,46,66
14827,47,64,44,34,49,43,43,52
14830,50,51,59,54,43,43,52,49
14831,54,54,60,60,62,43,54,48
14836,46,46,32,45,49,46,36,65
14837,47,39,31,39,44,51,63,59
14838,49,71,29,50,45,36,52,62
14840,50,53,32,64,62,36,55,51
14843,56,68,58,69,62,40,56,40
14845,44,58,49,45,12,36,41,65
14846,47,42,29,47,49,46,38,76
14847,47,65,30,43,40,58,51,43
14850,55,68,61,63,47,70,37,39
14851,60,65,73,71,57,70,43,40
14852,52,55,33,50,63,70,37,53
14853,51,46,54,54,68,70,41,25
14854,50,46,29,37,68,70,48,52
14856,49,71,33,43,62,36,48,48
14857,46,46,29,34,44,51,62,53
14858,48,57,32,32,55,43,58,58
14860,42,52,30,36,36,43,55,45
14861,45,41,29,43,45,36,53,65
14864,42,45,31,38,45,36,48,51
14865,55,62,65,54,66,25,60,53
14867,51,56,34,37,68,70,51,40
14869,53,62,46,47,66,25,59,63
14870,49,64,53,46,41,43,43,50
14871,45,68,52,39,46,36,38,33
14872,45,48,33,46,45,36,46,62
14873,47,60,34,39,62,36,52,47
14878,44,51,39,33,66,25,57,38
14879,52,57,51,41,62,36,53,64
14880,44,52,30,52,50,32,48,41
14882,54,46,42,49,68,70,45,60
14883,53,60,34,52,59,40,64,62
14886,59,61,53,51,69,70,53,55
14889,48,55,31,46,45,48,49,62
14891,56,80,57,55,66,25,57,49
14892,56,68,53,57,59,40,62,50
14894,44,59,39,38,45,36,43,47
14895,46,62,57,60,16,32,46,52
14898,47,54,28,59,62,35,39,50
14901,50,82,55,63,37,36,38,40
14902,56,83,68,71,46,36,43,46
14903,51,63,61,62,32,36,49,56
14904,48,60,50,65,46,36,38,39
14905,45,56,42,59,46,36,38,39
14925,47,93,57,57,12,36,38,36
